surveynum,1,2,3,4,5,6,7,8,9,10,11,12,13,14,15,16,17,18
age,28,27,27,21,26,24,30,30,26,24,30,23,27,21,24,26,19,21
ageTime,7,6.61,10.59,5.91,7.45,5.08,11.95,6.49,4.51,11.51,12.44,4.29,9.8,6.19,28.94,6.11,12.03,5.16
code,14765,37925,72933,75761,37273,89004,40209,10402,39044,89931,88060,88853,22194,29059,20518,28241,69861,81785
codeTime,,,,,,,,,,,,,,,,,,
correct1,,,,,,,,,,,,,,,,,,
correct1Time,2.44,2.31,3.03,2.91,3.54,2.72,3.52,3.08,2.56,2.09,2.72,,3.87,2.42,2.7,2.7,2.7,3.09
correct2,,,,,,,,,,,,,,,,,,
correct2Time,2.79,2.02,5.87,2.64,2.43,2.96,2.83,1.9,2.19,1.67,3.15,2.75,3.74,2.25,2.05,2.02,2.03,
correct3,,,,,,,,,,,,,,,,,,
correct3Time,2.17,1.67,2.43,2.16,1.91,2.53,2.7,2.25,2.41,1.57,,2.21,2.92,2.05,2.47,2.72,2.22,2.28
correct4,,,,,,,,,,,,,,,,,,
correct4Time,3.76,2.47,3.08,2.28,2.66,2.62,2.49,2.07,1.57,1.6,2.43,2.08,3.41,2.02,1.72,2.33,2.39,2.63
datestamp,10/11/2017 23:08,10/17/2017 17:27,10/13/2017 13:18,10/13/2017 16:49,10/14/2017 19:04,10/15/2017 12:27,10/15/2017 15:28,10/17/2017 18:59,10/16/2017 16:59,10/17/2017 20:12,10/16/2017 16:16,10/16/2017 21:03,10/17/2017 10:18,10/17/2017 21:47,10/30/2017 12:49,10/25/2017 20:35,10/28/2017 20:06,10/29/2017 21:23
description,,,,,,,,,,,,,,,,,,
descriptionTime,203.44,27.33,47.49,111.95,98.24,88.97,66.35,41.18,46.3,30.73,42.35,51,82.86,39.5,63.2,122.36,54.05,86.84
education,Master (Universität oder Fachhochschule),Master (Universität oder Fachhochschule),Master (Universität oder Fachhochschule),Abitur (Allgemeine Hochschulreife),Abitur (Allgemeine Hochschulreife),Bachelor (Universität oder Fachhochschule),Master (Universität oder Fachhochschule),Master (Universität oder Fachhochschule),Bachelor (Universität oder Fachhochschule),Bachelor (Universität oder Fachhochschule),Master (Universität oder Fachhochschule),Bachelor (Universität oder Fachhochschule),Master (Universität oder Fachhochschule),Bachelor (Universität oder Fachhochschule),Bachelor (Universität oder Fachhochschule),Abitur (Allgemeine Hochschulreife),Abitur (Allgemeine Hochschulreife),Abitur (Allgemeine Hochschulreife)
educationTime,16.7,7.68,7.93,12,16.6,10.35,14.22,22.45,6.88,6.46,7.13,6.36,13.72,6.32,13.42,10.71,6.3,22.96
false1,,,,,,,,,,,,,,,,,,
false1Time,,,,,,,,,,,,2.72,,,,,,
false2,,,,,,,,,,,,,,,,,,
false2Time,,,,,,,,,,,,,,,,,,5.72
false3,,,,,,,,,,,,,,,,,,
false3Time,,,,,,,,,,,2.58,,,,,,,
false4,,,,,,,,,,,,,,,,,,
false4Time,,,,,,,,,,,,,,,,,,
groupTime12759,,,,,,,,,,,,,,,,,,
groupTime12760,,,,,,,,,,,,,,,,,,
groupTime12761,,,,,,,,,,,,,,,,,,
groupTime12762,,,,,,,,,,,,,,,,,,
groupTime12763,,,,,,,,,,,,,,,,,,
groupTime12764,,,,,,,,,,,,,,,,,,
groupTime12801,,,,,,,,,,,,,,,,,,
id,2,3,2,1,1,1,1,5,3,3,1,1,1,1,3,1,1,1
instruction,,,,,,,,,,,,,,,,,,
Instruction2,,,,,,,,,,,,,,,,,,
Instruction2Time,29.22,10.89,14.68,25.69,21.4,18.11,4.37,13.54,139.41,11.41,12.46,17.88,17.57,11.82,27.67,12.59,18.73,21.23
instructionTime,26.72,10.64,17.76,19.01,22.1,14.6,4.97,11.76,14.92,12.39,14.11,15.4,36.56,11.27,13.7,13.93,3.59,36.74
interviewtime,3100.86,2136.6,1811.24,2359.11,2479.42,2002.94,2230.55,2419.88,2019.72,1484.37,2222.98,1992.25,2511.96,1792.1,1999.37,2480.85,1935.78,2638.08
ipaddr,93.194.112.244,213.127.67.63,79.196.254.50,141.99.250.15,213.124.164.98,91.55.2.110,85.146.188.253,92.216.195.250,46.90.91.192,217.103.170.2,134.93.76.19,24.132.121.7,118.211.195.131,95.91.242.248,213.124.179.18,188.100.29.173,80.60.159.198,147.197.251.156
language,Ja,Ja,Ja,Ja,Ja,Ja,Ja,Ja,Ja,Ja,Ja,Ja,Ja,Ja,Ja,Ja,Ja,Ja
languageTime,10.1,7.39,6.56,9.03,7.19,11.6,13.52,6.47,5.53,6.74,14.81,6.47,23.89,7.54,9.55,10.83,6.04,7.94
lastpage,346,346,346,346,346,346,346,346,346,346,346,346,346,346,346,346,346,346
NA11,Nomen,Nomen,Nomen,Nomen,Nomen,Nomen,Nomen,Nomen,Nomen,Nomen,Verb,Nomen,Nomen,Nomen,Nomen,Nomen,Nomen,Nomen
NA110,Nomen,Nomen,Nomen,Nomen,Nomen,Nomen,Nomen,Nomen,Nomen,Nomen,Nomen,Nomen,Verb,Nomen,Verb,Verb,Nomen,Nomen
NA110Time,8.27,8.69,4.34,10.63,9.52,7.94,23.91,9.71,5.3,7.21,6.6,8.94,7.64,7.78,5.95,7.38,6.17,8.95
NA111,Nomen,Nomen,Nomen,Nomen,Nomen,Nomen,Verb,Nomen,Nomen,Nomen,Nomen,Nomen,Nomen,Nomen,Nomen,Nomen,Nomen,Nomen
NA111Time,10.13,8.06,8.02,7.17,7.58,5.87,8.65,12.81,7.47,5.26,4.09,7.12,6.93,6.67,5.92,14.31,6.38,8.53
NA112,Nomen,Nomen,Nomen,Nomen,Verb,Nomen,Nomen,Nomen,Nomen,Nomen,Nomen,Nomen,Nomen,Nomen,Nomen,Nomen,Verb,Nomen
NA112Time,8.39,6.92,4.52,5.07,8.93,7.32,6.11,15.04,8.56,6.88,6.9,6.66,7.7,5.51,8.23,14.88,15.68,9.5
NA113,Nomen,Nomen,Nomen,Verb,Verb,Nomen,Nomen,Nomen,Nomen,Nomen,Nomen,Verb,Nomen,Nomen,Verb,Nomen,Verb,Verb
NA113Time,7.82,5.51,7.67,8.23,7.73,5.85,6.49,6.99,4.92,7.42,3.03,8.99,9.79,3.64,4.06,6.15,4.83,6.36
NA114,Nomen,Nomen,Nomen,Nomen,Nomen,Nomen,Nomen,Nomen,Nomen,Nomen,Nomen,Nomen,Nomen,Nomen,Nomen,Nomen,Nomen,Nomen
NA114Time,5.46,5.83,4.96,7.09,5.88,4.43,4.24,6.83,4.15,3.96,2.61,4.59,6.52,5.28,6.26,9.27,7.22,9.21
NA115,Verb,Nomen,Nomen,Nomen,Verb,Nomen,Verb,Verb,Nomen,Nomen,Nomen,Verb,Nomen,Nomen,Verb,Nomen,Nomen,Nomen
NA115Time,9.67,11.22,4.89,6.48,10.9,8.33,21.31,13.91,17.99,7.58,4.01,10.31,13.49,8.25,5.13,5.82,6.61,7.95
NA116,Nomen,Nomen,Nomen,Nomen,Nomen,Nomen,Nomen,Nomen,Nomen,Nomen,Nomen,Verb,Nomen,Nomen,Nomen,Nomen,Nomen,Nomen
NA116Time,6.6,5.07,5.38,5.74,8.41,7.64,7.15,10.42,7.04,3.57,7.83,7.57,7.56,6.81,6.81,8.71,3.98,8.72
NA117,Nomen,Nomen,Nomen,Nomen,Nomen,Nomen,Nomen,Nomen,Nomen,Nomen,Nomen,Nomen,Nomen,Nomen,Nomen,Verb,Nomen,Nomen
NA117Time,8.33,6.35,4.59,6,7.58,8.03,8.46,15.27,7.27,7.14,5.58,6.97,11.44,5.54,5.44,7.72,4.06,10.2
NA118,Nomen,Verb,Nomen,Nomen,Nomen,Nomen,Nomen,Verb,Nomen,Nomen,Nomen,Nomen,Nomen,Nomen,Nomen,Nomen,Nomen,Nomen
NA118Time,7.54,8.27,4.43,7.48,8.43,9.78,9.26,10.4,8.26,5.17,4.13,5.98,9.28,7.57,8.38,15.07,7.06,6.22
NA119,Nomen,Nomen,Nomen,Nomen,Nomen,Nomen,Nomen,Verb,Nomen,Nomen,Nomen,Nomen,Nomen,Nomen,Nomen,Nomen,Verb,Nomen
NA119Time,9.02,15.51,10.2,8.42,7.79,6.95,6.86,5.43,7.42,7.58,4.22,6.21,7.3,7.89,4.85,11.87,7.5,8.61
NA11Time,6.9,4.47,4.94,3.68,4.97,6.02,6.98,10.03,5.49,6.18,5.33,3.77,7.76,4.64,4.28,5.45,8.92,5.92
NA12,Nomen,Verb,Nomen,Nomen,Nomen,Nomen,Nomen,Nomen,Nomen,Nomen,Nomen,Nomen,Nomen,Nomen,Nomen,Nomen,Nomen,Verb
NA120,Nomen,Nomen,Verb,Nomen,Nomen,Nomen,Verb,Nomen,Nomen,Nomen,Nomen,Verb,Nomen,Nomen,Nomen,Nomen,Nomen,Nomen
NA120Time,7.94,14.49,6.03,6.94,6.71,7.86,13.91,8.31,8.58,6.36,8.23,6.78,8.44,5.98,6.09,6.49,4.94,13.79
NA121,Nomen,Nomen,Nomen,Nomen,Nomen,Nomen,Nomen,Nomen,Nomen,Nomen,Nomen,Nomen,Nomen,Nomen,Nomen,Nomen,Nomen,Nomen
NA121Time,5.99,4.13,5.21,4.7,5.8,7.21,6.36,8.55,6.43,5.44,5.34,4,7.88,5.07,4.37,5.78,5.42,8.02
NA122,Nomen,Nomen,Nomen,Nomen,Nomen,Nomen,Nomen,Verb,Verb,Nomen,Nomen,Nomen,Nomen,Nomen,Nomen,Nomen,Nomen,Nomen
NA122Time,10.18,4.12,8.4,12.12,12.48,4.93,9.77,9.75,8.56,5.65,4.5,9.86,6.65,7.34,7.1,15.17,8.02,13.56
NA123,Nomen,Nomen,Nomen,Nomen,Nomen,Nomen,Nomen,Nomen,Nomen,Nomen,Nomen,Nomen,Nomen,Nomen,Nomen,Nomen,Nomen,Nomen
NA123Time,7.44,7.53,7.55,5.83,8.31,7.64,8.96,4.98,6.68,5.41,5.73,7.62,7.6,6.78,7.12,6.17,7.64,8.67
NA124,Verb,Nomen,Nomen,Verb,Nomen,Nomen,Nomen,Verb,Nomen,Nomen,Nomen,Nomen,Nomen,Nomen,Nomen,Nomen,Nomen,Nomen
NA124Time,15.68,8.92,6.7,9.66,10.44,15.63,9.81,12.39,6.82,6.53,2.54,7.27,6.76,7.38,3.71,7.8,6.05,9.36
NA125,Verb,Nomen,Nomen,Nomen,Nomen,Nomen,Nomen,Nomen,Verb,Nomen,Nomen,Nomen,Nomen,Nomen,Nomen,Verb,Nomen,Nomen
NA125Time,10.43,8.21,4.67,6.49,6.21,7.82,8.54,8.83,5.53,5,4.81,12.61,8.31,6.85,4.11,6.17,5.25,14.19
NA126,Nomen,Nomen,Nomen,Nomen,Nomen,Nomen,Nomen,Nomen,Nomen,Nomen,Nomen,Nomen,Nomen,Nomen,Nomen,Nomen,Nomen,Nomen
NA126Time,8.39,4.86,5.51,6.91,6.32,6.89,6.13,8.25,6.51,3.75,6.67,5.05,7.12,4.99,7.94,6.81,6.13,8.16
NA127,Nomen,Nomen,Nomen,Nomen,Nomen,Nomen,Nomen,Nomen,Nomen,Nomen,Nomen,Nomen,Nomen,Nomen,Nomen,Nomen,Nomen,Nomen
NA127Time,6.35,6.34,6.89,5.5,6.03,4.88,5.63,8,5.21,4.82,2.95,5.96,5.74,7.29,6.29,4.8,4.64,11.88
NA128,Nomen,Nomen,Nomen,Nomen,Nomen,Nomen,Nomen,Nomen,Nomen,Nomen,Nomen,Nomen,Nomen,Nomen,Nomen,Nomen,Nomen,Nomen
NA128Time,7.05,1.24,4.45,4.95,5.91,5.74,5.12,14.73,5.33,4.5,3.72,5.1,7.67,5.74,5.27,19.7,4.54,5.61
NA129,Nomen,Nomen,Nomen,Nomen,Nomen,Nomen,Nomen,Nomen,Nomen,Nomen,Nomen,Nomen,Nomen,Nomen,Nomen,Nomen,Nomen,Nomen
NA129Time,7.63,7.84,4.45,8.48,8.65,6.44,7.86,8.79,6.14,7.9,3.2,7.6,8.38,6.47,9.31,12.6,5.46,7.27
NA12Time,7.89,14.97,6.17,8.82,8.2,8.55,7.49,14.63,10.1,4.39,3.13,8.29,7.8,6.53,15.03,7.08,7.14,7.32
NA13,Nomen,Nomen,Nomen,Nomen,Verb,Nomen,Nomen,Verb,Nomen,Nomen,Nomen,Nomen,Nomen,Nomen,Nomen,Nomen,Nomen,Nomen
NA130,Nomen,Nomen,Nomen,Nomen,Nomen,Nomen,Nomen,Nomen,Nomen,Nomen,Nomen,Nomen,Verb,Nomen,Nomen,Nomen,Nomen,Nomen
NA130Time,8.65,6.15,6.1,5.24,5.8,8.04,6.95,13.14,5.67,4.18,3.6,5.67,9.48,6.31,5.22,7.31,12.25,8.17
NA131,Nomen,Nomen,Nomen,Nomen,Nomen,Nomen,Nomen,Nomen,Nomen,Nomen,Nomen,Nomen,Nomen,Nomen,Nomen,Nomen,Nomen,Nomen
NA131Time,6.55,5.89,6.14,5.49,7.2,5.49,7.31,14.66,6.79,5.27,6.41,7.07,4.69,6.88,6.22,6.55,3.9,10.79
NA132,Nomen,Nomen,Nomen,Nomen,Nomen,Nomen,Nomen,Nomen,Nomen,Nomen,Nomen,Nomen,Nomen,Nomen,Nomen,Nomen,Nomen,Nomen
NA132Time,6.39,8.23,7.45,6.21,5.92,4.7,7.44,6.81,5.49,4.36,3.63,7.05,6.49,7.14,5.83,5.87,4.3,10.2
NA133,Verb,Nomen,Verb,Nomen,Verb,Verb,Nomen,Nomen,Nomen,Nomen,Nomen,Nomen,Nomen,Nomen,Nomen,Nomen,Nomen,Nomen
NA133Time,10.7,5.22,11.08,9.36,9.05,6.87,4.8,7.96,7.32,6.15,7.76,5.87,7.69,4.92,10.56,7.36,8.5,4.53
NA134,Nomen,Verb,Verb,Nomen,Nomen,Verb,Verb,Nomen,Verb,Nomen,Verb,Verb,Nomen,Verb,Nomen,Nomen,Nomen,Nomen
NA134Time,6.19,8.06,6.2,6.97,8.71,7.15,14.2,6.57,6.47,8.34,5.91,7.92,6.77,5.51,13.48,7.21,8.3,6.6
NA135,Nomen,Nomen,Nomen,Nomen,Nomen,Verb,Nomen,Verb,Verb,Nomen,Nomen,Nomen,Nomen,Nomen,Nomen,Nomen,Verb,Nomen
NA135Time,5.14,8.33,4.36,5.82,6.31,5.77,5.85,9.07,8.86,4.27,3.76,5.58,5.6,5.23,5.46,6.26,4.78,10.62
NA136,Nomen,Nomen,Nomen,Nomen,Nomen,Nomen,Nomen,Nomen,Nomen,Nomen,Nomen,Nomen,Nomen,Nomen,Nomen,Nomen,Nomen,Nomen
NA136Time,7.57,5.19,6.07,5.92,6.72,4.63,9.12,7.49,5.87,6.83,3.71,7.97,9.35,6.31,6.89,9.05,5.56,6.14
NA137,Nomen,Nomen,Nomen,Nomen,Nomen,Nomen,Nomen,Nomen,Nomen,Nomen,Nomen,Verb,Nomen,Nomen,Nomen,Nomen,Nomen,Nomen
NA137Time,6.16,8.86,5.58,5.05,5.87,5.82,7.97,8.24,6.38,9.27,4.18,10.38,8.17,7.15,9.45,18.01,5.34,11.67
NA138,Nomen,Nomen,Nomen,Nomen,Nomen,Nomen,Nomen,Nomen,Nomen,Nomen,Nomen,Nomen,Nomen,Nomen,Verb,Verb,Nomen,Nomen
NA138Time,6.19,7.77,7.95,4.8,7.03,5.53,8.39,8.55,7.07,4.13,6.15,6.61,14.54,7.48,4.39,21.16,6.04,10.35
NA139,Nomen,Nomen,Nomen,Verb,Nomen,Verb,Nomen,Nomen,Nomen,Nomen,Nomen,Nomen,Nomen,Nomen,Nomen,Nomen,Nomen,Nomen
NA139Time,7.82,5.34,6.99,6.69,8.35,7.19,8.01,15.52,3.7,5.38,4.5,12.81,9.23,8.24,5.44,14.24,6.68,10.13
NA13Time,8.56,7.8,5.68,6.15,9.71,10.57,8.99,6.09,6.51,4.91,2.12,10.09,7.66,5.59,6.41,8.88,5.72,10.42
NA14,Nomen,Verb,Nomen,Nomen,Nomen,Nomen,Nomen,Nomen,Verb,Nomen,Nomen,Nomen,Nomen,Nomen,Nomen,Nomen,Nomen,Nomen
NA140,Nomen,Nomen,Nomen,Nomen,Nomen,Nomen,Nomen,Nomen,Nomen,Nomen,Nomen,Nomen,Nomen,Nomen,Nomen,Nomen,Nomen,Nomen
NA140Time,6.09,6.33,5.48,6.01,4.99,5.53,5.68,10.26,5.1,5.58,5.68,6.61,5.28,5.59,9.16,9.84,7.95,6.65
NA141,Nomen,Nomen,Nomen,Nomen,Nomen,Nomen,Verb,Verb,Nomen,Nomen,Nomen,Nomen,Nomen,Nomen,Nomen,Nomen,Nomen,Nomen
NA141Time,9.3,9.93,8.19,5.96,9.62,5.84,7.31,17.87,10.39,4.75,8.4,7.7,6.54,6.33,8.06,13.46,12.19,10.81
NA142,Nomen,Nomen,Nomen,Nomen,Nomen,Nomen,Nomen,Nomen,Nomen,Nomen,Nomen,Nomen,Nomen,Nomen,Nomen,Nomen,Nomen,Nomen
NA142Time,6.58,6,6.21,5.11,4.63,7.41,6.22,6.98,4.98,3.77,1.78,3.81,8.25,5.26,5.79,6.37,5.39,7.16
NA143,Nomen,Nomen,Nomen,Nomen,Verb,Nomen,Nomen,Nomen,Nomen,Nomen,Nomen,Nomen,Nomen,Nomen,Verb,Nomen,Nomen,Nomen
NA143Time,4.71,5.54,3.04,6.42,5.71,5.56,4.58,11.12,4.56,5.42,3.47,4.08,8.59,6.08,7.84,12.95,6.18,8.16
NA144,Nomen,Nomen,Nomen,Nomen,Nomen,Nomen,Nomen,Nomen,Nomen,Nomen,Nomen,Nomen,Nomen,Nomen,Nomen,Verb,Nomen,Nomen
NA144Time,6.36,4.99,7.2,12.32,7.08,5.96,6.14,8.1,5.4,3.83,3.28,6.83,10.96,5.52,3.77,9.31,3.34,10.1
NA145,Nomen,Nomen,Nomen,Nomen,Nomen,Nomen,Verb,Verb,Nomen,Nomen,Nomen,Verb,Nomen,Nomen,Nomen,Nomen,Verb,Nomen
NA145Time,7.28,7.26,4.94,10.11,8.19,8.32,9.42,4.67,9.41,5.54,10.39,8.67,9.46,7.1,6.26,7.2,7.74,8.15
NA146,Nomen,Nomen,Nomen,Nomen,Nomen,Nomen,Nomen,Nomen,Verb,Nomen,Nomen,Verb,Nomen,Nomen,Nomen,Verb,Nomen,Nomen
NA146Time,9.68,4.29,4.19,7.16,8.57,6.04,4.01,6.17,8.53,3.14,3.47,6.27,6.33,5.55,4.25,5.62,6.28,8.5
NA147,Nomen,Nomen,Nomen,Nomen,Nomen,Nomen,Nomen,Nomen,Nomen,Nomen,Nomen,Nomen,Nomen,Nomen,Nomen,Nomen,Nomen,Nomen
NA147Time,9.47,7.72,7.42,9.93,4.89,6.08,7.01,8.31,6.22,5.26,4.13,8.16,8.07,6.44,7.36,9.68,5.43,12.61
NA148,Nomen,Nomen,Nomen,Nomen,Nomen,Nomen,Nomen,Nomen,Nomen,Nomen,Nomen,Nomen,Nomen,Nomen,Nomen,Nomen,Verb,Nomen
NA148Time,6.21,8.05,8.74,10.63,8.24,4.9,6.94,9.63,5.66,4.47,5.1,5.61,9.24,5.41,5.5,6.67,4.93,7.6
NA149,Nomen,Nomen,Nomen,Nomen,Nomen,Nomen,Nomen,Nomen,Nomen,Nomen,Nomen,Nomen,Nomen,Nomen,Nomen,Nomen,Nomen,Nomen
NA149Time,8.19,8.65,4.37,7.08,5.28,4.75,10.81,7.3,5.79,5.09,6.08,8.19,7.73,6.47,4.08,8.15,7.32,5.91
NA14Time,10.42,5.47,4.98,5.52,4.6,5.07,8.54,9.68,6.6,6.32,3.35,6.21,6.09,4.65,8.48,6.79,6.5,6.01
NA15,Verb,Nomen,Nomen,Verb,Nomen,Nomen,Nomen,Nomen,Nomen,Nomen,Verb,Verb,Nomen,Nomen,Nomen,Verb,Nomen,Nomen
NA150,Nomen,Nomen,Nomen,Nomen,Nomen,Nomen,Nomen,Nomen,Nomen,Nomen,Nomen,Nomen,Nomen,Nomen,Nomen,Nomen,Nomen,Nomen
NA150Time,12.24,6.08,5.71,4.39,4.14,5.3,5.19,12.75,8.65,4.08,2.9,4.72,4.61,5.61,8.41,4.89,3.65,7.34
NA15Time,9.11,6.4,8.9,9.5,6.17,7.01,6.02,10.14,7.81,8.35,6.31,12.24,8.05,5.62,8.97,10.29,10.46,9.06
NA16,Nomen,Nomen,Nomen,Nomen,Nomen,Nomen,Nomen,Nomen,Nomen,Nomen,Nomen,Nomen,Nomen,Nomen,Nomen,Nomen,Nomen,Nomen
NA16Time,8.47,5.11,4.63,7.88,6.54,7.19,6.94,13.88,12.09,6.28,4.24,7.01,7.13,5.48,5.06,16.68,7.17,7.45
NA17,Nomen,Verb,Nomen,Nomen,Nomen,Nomen,Nomen,Verb,Verb,Nomen,Nomen,Verb,Nomen,Verb,Verb,Nomen,Nomen,Nomen
NA17Time,6.14,15.16,5.97,8.48,8.56,6.26,6.24,14.95,7.78,4.12,2.38,8.9,5.79,6.69,8.41,23.36,4.54,8.36
NA18,Nomen,Nomen,Nomen,Nomen,Nomen,Nomen,Nomen,Nomen,Nomen,Nomen,Nomen,Nomen,Nomen,Nomen,Nomen,Nomen,Nomen,Nomen
NA18Time,8.94,5.64,5.68,8,4.96,4.63,6.48,7.56,6.06,5.05,4.55,5.55,8.73,5.84,4.73,4.8,4.53,5.69
NA19,Verb,Verb,Verb,Verb,Verb,Verb,Verb,Verb,Verb,Nomen,Nomen,Nomen,Nomen,Verb,Verb,Verb,Verb,Nomen
NA19Time,9.46,6.21,7.24,6.64,9.29,23.3,8.1,8.96,10.27,11.5,4.83,10.48,8.85,7.59,13.47,19.35,8.27,6.45
NA21,Nomen,Nomen,Nomen,Nomen,Nomen,Nomen,Nomen,Verb,Nomen,Nomen,Nomen,Verb,Nomen,Nomen,Verb,Nomen,Verb,Nomen
NA210,Nomen,Nomen,Nomen,Nomen,Nomen,Nomen,Nomen,Nomen,Nomen,Nomen,Nomen,Nomen,Nomen,Nomen,Nomen,Nomen,Nomen,Nomen
NA210Time,7.83,6.08,6.5,6.5,7.43,4.76,5.79,10.19,3.59,5.74,3.33,4.74,9.9,5.76,4.55,8.58,6.99,8.61
NA211,Nomen,Nomen,Nomen,Nomen,Nomen,Nomen,Nomen,Nomen,Nomen,Nomen,Nomen,Nomen,Nomen,Nomen,Nomen,Nomen,Nomen,Nomen
NA211Time,7.44,5.74,6.76,5.22,11.06,7.56,5.03,6.15,4.4,3.9,5.18,4.72,9.1,4.59,6.32,30.22,6.17,12.96
NA212,Nomen,Nomen,Nomen,Nomen,Nomen,Verb,Nomen,Verb,Nomen,Nomen,Verb,Nomen,Nomen,Nomen,Nomen,Nomen,Nomen,Nomen
NA212Time,9.32,11.46,5.81,13.83,7.33,20.08,6.34,12.96,4.33,4.1,1.85,6.04,8.14,4.7,7.08,8.84,6.21,8.87
NA213,Verb,Verb,Verb,Verb,Verb,Verb,Verb,Nomen,Verb,Verb,Verb,Verb,Verb,Verb,Verb,Verb,Verb,Verb
NA213Time,12.8,8.02,6.86,6.59,6.03,5.73,10.81,9.72,15.82,7.56,14.72,10.48,13.32,6.89,8.3,9.69,4.94,6
NA214,Nomen,Nomen,Nomen,Verb,Nomen,Nomen,Nomen,Verb,Nomen,Verb,Nomen,Nomen,Nomen,Nomen,Nomen,Verb,Nomen,Nomen
NA214Time,7.42,5.5,4.61,6.29,10.08,7.32,6.96,8.94,8.39,5.24,4.72,5.77,7.15,5.69,5.38,9.02,7.25,16.28
NA215,Nomen,Verb,Nomen,Verb,Nomen,Nomen,Verb,Nomen,Nomen,Nomen,Verb,Nomen,Nomen,Nomen,Nomen,Nomen,Nomen,Nomen
NA215Time,6.34,4.37,4.47,5.1,6.49,6.44,5.69,7.7,4.66,5.45,4.12,5.2,8.74,5.37,5.71,8.64,5.48,6.56
NA216,Nomen,Nomen,Nomen,Nomen,Nomen,Nomen,Nomen,Nomen,Nomen,Nomen,Nomen,Nomen,Nomen,Nomen,Nomen,Nomen,Nomen,Nomen
NA216Time,4.99,4.04,6.15,5.07,5.23,7.44,6.94,7.34,5.97,3.58,7.2,4.67,6.27,4.68,4.25,3.75,5.18,5.33
NA217,Nomen,Verb,Nomen,Verb,Nomen,Nomen,Verb,Verb,Nomen,Nomen,Verb,Verb,Nomen,Nomen,Verb,Verb,Nomen,Nomen
NA217Time,6.55,6.02,8.9,9.41,6.52,5.95,23.38,9.48,9.74,6.64,4.29,9.7,12.02,8.51,4.47,5.12,7.07,9.9
NA218,Nomen,Nomen,Nomen,Verb,Verb,Verb,Nomen,Verb,Verb,Verb,Nomen,Nomen,Nomen,Nomen,Verb,Nomen,Verb,Nomen
NA218Time,5.86,10.52,4.82,12.74,5.84,6.46,13.84,7.37,8.96,10.31,4.58,4.95,7.4,8.81,5.12,7.96,7.68,5.09
NA219,Verb,Nomen,Nomen,Nomen,Nomen,Nomen,Nomen,Nomen,Nomen,Nomen,Nomen,Nomen,Nomen,Nomen,Nomen,Nomen,Nomen,Nomen
NA219Time,7.02,6.75,6.35,5.99,8.98,6.74,8.28,7.23,3.91,4.3,3.38,5.46,7.54,8.52,7.24,5,7.24,9.37
NA21Time,5.59,4.56,5.35,5.88,4.65,8.2,4.9,6.03,5,6.08,1.66,6.07,7.23,6.11,7.42,13.82,3.73,8.13
NA22,Nomen,Nomen,Nomen,Nomen,Nomen,Nomen,Nomen,Verb,Nomen,Verb,Nomen,Nomen,Verb,Nomen,Verb,Nomen,Nomen,Nomen
NA220,Verb,Verb,Verb,Verb,Nomen,Nomen,Verb,Verb,Nomen,Verb,Nomen,Nomen,Verb,Nomen,Verb,Nomen,Verb,Verb
NA220Time,8.33,7.32,8.16,7.69,9.55,7.1,27.71,12.39,10.5,9.57,6.37,6,14.93,6.69,7.05,5.51,6.74,7.03
NA221,Nomen,Nomen,Nomen,Nomen,Nomen,Nomen,Verb,Nomen,Nomen,Nomen,Nomen,Nomen,Nomen,Nomen,Nomen,Nomen,Nomen,Nomen
NA221Time,7.52,4.98,4.98,8.85,5.05,9.63,5.37,13.66,3.86,3.22,4.85,5.71,7.08,6.86,6.93,6.19,5.55,7.73
NA222,Nomen,Nomen,Verb,Nomen,Nomen,Verb,Verb,Nomen,Nomen,Verb,Nomen,Nomen,Nomen,Verb,Verb,Nomen,Verb,Verb
NA222Time,10.64,7.92,6.75,10.64,10.66,7.25,13.77,7.53,13.04,6.97,4.38,13.25,13.71,6.09,5.52,10.49,9.7,13.76
NA223,Nomen,Nomen,Nomen,Nomen,Nomen,Nomen,Verb,Nomen,Nomen,Nomen,Verb,Nomen,Nomen,Nomen,Nomen,Nomen,Nomen,Nomen
NA223Time,6.48,8.56,7.46,9.02,5.42,6.05,6.23,14.16,5.71,4.93,3.23,5.74,9.38,8.61,3.5,8.54,9.36,9.42
NA224,Verb,Nomen,Nomen,Nomen,Nomen,Verb,Verb,Verb,Verb,Nomen,Nomen,Verb,Verb,Nomen,Verb,Verb,Verb,Nomen
NA224Time,7.98,8.52,5.19,8.24,6.81,10.19,5.49,7.58,6.45,5.19,3.05,6.46,5.64,9.95,4.9,15.63,5.7,13.89
NA225,Nomen,Nomen,Nomen,Nomen,Nomen,Nomen,Nomen,Nomen,Nomen,Nomen,Nomen,Nomen,Verb,Nomen,Nomen,Nomen,Nomen,Nomen
NA225Time,9.51,7.13,4.49,6.38,13.05,6.36,7.34,8.22,6.29,5.04,5.1,8.62,11.68,7.15,5.21,6.13,4.99,10.41
NA226,Nomen,Nomen,Nomen,Nomen,Nomen,Verb,Nomen,Nomen,Nomen,Nomen,Nomen,Nomen,Nomen,Nomen,Verb,Nomen,Nomen,Nomen
NA226Time,7.87,5.81,6.04,9.28,8.57,7.09,8.31,7.04,6.02,9.56,6.46,8.16,5.9,7.67,5.29,13.47,10.67,7.22
NA227,Nomen,Nomen,Nomen,Nomen,Verb,Nomen,Nomen,Nomen,Nomen,Nomen,Nomen,Nomen,Nomen,Nomen,Verb,Nomen,Nomen,Nomen
NA227Time,7.8,6.2,5.24,5.22,6.37,5.51,7.58,4.56,4.23,8.53,4.46,4.32,8.21,5.57,4.81,6.02,6.07,5.71
NA228,Nomen,Nomen,Nomen,Nomen,Nomen,Verb,Nomen,Nomen,Nomen,Nomen,Nomen,Nomen,Verb,Nomen,Nomen,Nomen,Nomen,Nomen
NA228Time,8.64,10.06,6.27,9,10.8,7.94,12.71,8.53,7.7,7.53,3.6,12.94,10.41,5,7.47,9.55,6.8,6.54
NA229,Nomen,Nomen,Nomen,Nomen,Nomen,Nomen,Nomen,Verb,Nomen,Nomen,Nomen,Nomen,Nomen,Nomen,Nomen,Nomen,Nomen,Nomen
NA229Time,6.83,7.3,5.21,7.94,5.83,6.87,26.39,5.88,8.11,5.62,4.1,4.43,8.33,5.17,9.34,9.2,6.6,7.07
NA22Time,8.38,5.64,5.84,7.45,7.41,6.06,10.54,10.59,8.05,12.62,7.85,6.96,9.01,4.65,6.42,7.39,8.01,6.49
NA23,Nomen,Nomen,Nomen,Nomen,Nomen,Nomen,Nomen,Nomen,Nomen,Nomen,Nomen,Nomen,Nomen,Nomen,Nomen,Nomen,Nomen,Nomen
NA230,Nomen,Nomen,Nomen,Nomen,Nomen,Nomen,Nomen,Nomen,Nomen,Nomen,Nomen,Nomen,Nomen,Nomen,Nomen,Nomen,Nomen,Nomen
NA230Time,8.53,6.1,9.47,7.33,7.52,5.48,13.73,10.06,5.62,5.29,5.7,5.08,7.18,4.48,9.26,4.07,4.56,6.33
NA23Time,5.34,5.95,9.37,6.65,6.74,5,8.9,8.25,3.44,4.68,4.51,4.88,6.16,4.55,7.03,8.28,4.96,5.81
NA24,Nomen,Nomen,Verb,Nomen,Nomen,Nomen,Nomen,Nomen,Nomen,Verb,Nomen,Nomen,Nomen,Verb,Verb,Nomen,Nomen,Nomen
NA24Time,7.98,5.91,9.35,6.34,11.84,7.34,18.42,9.18,6.33,6.22,5.49,6.03,7.87,7.54,6.23,10.13,7,8.67
NA25,Nomen,Nomen,Verb,Nomen,Verb,Nomen,Nomen,Nomen,Nomen,Nomen,Verb,Verb,Verb,Nomen,Nomen,Nomen,Nomen,Nomen
NA25Time,7.57,7.17,5.1,6.66,4.8,6.57,7.02,9.01,7.05,9.22,2.58,4.88,5.87,5.56,3.77,6.95,5.72,6.57
NA26,Nomen,Nomen,Nomen,Nomen,Nomen,Nomen,Nomen,Verb,Nomen,Verb,Nomen,Nomen,Verb,Nomen,Verb,Verb,Nomen,Nomen
NA26Time,7.38,7.61,6.65,4.58,9.26,6.31,8.43,10.23,5.92,4.27,6.34,10.43,6.9,4.08,5.24,10.2,7.22,7.26
NA27,Nomen,Nomen,Nomen,Nomen,Nomen,Nomen,Nomen,Nomen,Nomen,Nomen,Nomen,Nomen,Nomen,Nomen,Nomen,Nomen,Nomen,Nomen
NA27Time,12.89,8.45,4.67,5.4,4.34,6.04,4.4,12.62,5.14,7.08,5.05,7.69,9.29,4.82,5.54,8.85,6.01,9.3
NA28,Nomen,Nomen,Nomen,Nomen,Nomen,Nomen,Nomen,Nomen,Nomen,Nomen,Nomen,Nomen,Nomen,Nomen,Verb,Nomen,Nomen,Nomen
NA28Time,8.55,5.17,6.63,6.17,6.86,5.39,5.44,9.77,6.41,6.85,6.75,8.25,7.25,5.33,6.46,21.42,4.69,9.06
NA29,Nomen,Nomen,Nomen,Nomen,Nomen,Verb,Nomen,Nomen,Nomen,Verb,Nomen,Nomen,Nomen,Verb,Verb,Nomen,Nomen,Nomen
NA29Time,7.2,7.44,6.8,5.09,7.4,7.21,9.98,5.55,7.65,3.84,3.58,7.09,7.23,8.51,4.36,13.79,4.26,14.41
pause,,,,,,,,,,,,,,,,,,
pauseTime,108.91,8.52,4.81,72.92,496.92,85.29,30.07,4.55,158.54,8.86,680.1,4.19,62.28,117,101.08,217.45,89.09,195.45
PNA110[PNA110],5,4,5,2,4,2,1,4,4,3,4,2,2,2,4,5,5,4
PNA110Time,3.85,2.05,1.63,3.77,2.47,4.05,3.77,3.62,1.71,1.53,3.62,5.73,9.73,5.38,3.05,2.29,2.44,3.72
PNA111[PNA111],3,4,5,3,4,5,1,3,3,5,3,4,4,4,4,5,5,4
PNA111Time,3.35,2.14,5.48,3.88,2.61,2.73,4.23,3.96,1.75,1.55,1.9,2.08,4.42,3.63,2.62,2.19,3.44,2.85
PNA112[PNA112],2,4,5,4,4,4,5,1,2,2,1,3,4,2,2,1,1,1
PNA112Time,4.32,4.14,2.6,4.82,2.5,2.62,4.6,5.88,3.6,2.48,2.89,2.59,4.14,2.32,3.07,3.62,4.14,2.95
PNA113[PNA113],4,4,2,1,3,4,1,4,5,3,1,2,5,4,3,5,5,3
PNA113Time,3.95,3.89,2.56,1.94,2.55,2.24,4.02,1.91,2.42,2.44,1.58,1.72,5.44,2.58,5.14,2.33,4.9,4.2
PNA114[PNA114],5,5,5,4,5,5,5,5,5,5,1,4,5,3,5,5,5,4
PNA114Time,2.63,2.35,1.37,4.56,2.45,2.71,2.33,3.53,1.62,1.74,2.2,3.61,3.96,2.66,1.88,2.25,2.64,3.4
PNA115[PNA115],4,4,4,4,3,2,2,1,3,3,1,4,3,2,4,5,5,4
PNA115Time,2.92,2.39,2.38,3.76,3.03,2.3,5.39,2.94,2.98,1.78,1.46,1.96,3.93,2.49,3.69,2.59,3.48,4.81
PNA116[PNA116],2,5,4,4,2,2,1,1,3,5,1,3,3,2,3,1,5,4
PNA116Time,7.7,1.42,2.74,7.4,3.12,3.03,3.02,2.8,2.47,1.92,2.97,4.03,6.86,4.1,3.92,2.42,2.5,4.75
PNA117[PNA117],3,5,5,5,2,2,5,3,5,5,2,2,3,4,4,1,5,3
PNA117Time,3.17,2.71,2.62,6.44,2.3,2.35,2.4,2.51,1.73,1.81,2.5,3.71,4.92,4.24,2.55,3.95,2.55,3.06
PNA118[PNA118],4,4,4,3,2,3,1,3,1,4,1,4,5,4,5,5,5,4
PNA118Time,5.91,2.17,4.96,5.66,3.89,3.71,3.36,5.26,2.94,2.69,2.25,1.32,3.89,3.09,2.43,3.8,2.91,1.92
PNA119[PNA119],4,2,2,3,2,3,1,4,5,4,2,2,3,4,2,5,4,4
PNA119Time,3.56,2.9,2.11,4.62,4.78,4.53,4.02,5.29,2,3.38,3.03,4.88,4.07,3.51,2.88,3.59,5.17,2.57
PNA11[PNA11],4,5,5,5,4,4,5,5,4,4,1,4,3,4,3,1,4,3
PNA11Time,3.37,1.84,2.65,4.88,2.53,3.18,3.08,4.31,1.99,2.85,2.66,3.11,4,2.48,3.18,2.26,3.58,3.7
PNA120[PNA120],2,2,1,2,4,2,1,3,2,2,3,2,3,4,4,1,4,3
PNA120Time,3.11,2.41,4.51,3.79,2.24,3.12,5.16,4.29,2.48,2.47,1.88,5.02,4.58,1.68,1.74,2.67,5.4,2.72
PNA121[PNA121],5,4,5,5,5,5,5,5,5,5,2,4,5,4,4,5,5,2
PNA121Time,2.01,1.84,1.92,3.09,2.63,2.42,2.84,3.13,2.16,2.17,4.2,2.03,4.16,2.32,3.89,2.42,2.88,2.58
PNA122[PNA122],5,3,4,2,3,3,1,3,1,3,1,3,5,4,2,5,5,5
PNA122Time,2.98,4.31,1.88,3.27,3.02,3.96,3.25,11.05,1.77,2.04,2.04,3.9,4.77,1.96,3.86,1.81,4.26,2.62
PNA123[PNA123],5,4,5,4,4,4,1,4,2,5,1,2,3,4,3,5,5,4
PNA123Time,3.24,1.95,3.47,5.86,3.01,2.46,4.46,2.18,2.27,1.68,2.55,2.97,9.1,2.76,3.72,1.87,3.12,6.72
PNA124[PNA124],1,4,4,2,3,5,5,5,2,4,3,4,5,4,5,5,5,3
PNA124Time,3.42,2.71,2.64,5.93,3.14,2.5,3.94,3.26,2.56,2.9,3.15,1.66,4.74,2.43,2.36,2.69,2.84,4.1
PNA125[PNA125],5,4,4,5,5,3,1,4,4,2,1,4,4,1,3,5,5,3
PNA125Time,2.52,1.99,3.72,3.72,2.09,4.8,2.75,2.92,2.31,1.64,2.79,2.4,3.58,2.91,1.61,1.74,4.2,0.91
PNA126[PNA126],5,5,4,4,5,5,5,4,5,5,2,2,5,2,3,5,5,3
PNA126Time,2.32,2.61,4.63,4.06,4.18,2.2,3.62,2.42,2.02,2.17,2.78,1.97,3.21,1.98,3.3,2.6,3.75,4.29
PNA127[PNA127],5,4,3,3,5,3,5,4,5,4,3,2,4,4,5,5,4,3
PNA127Time,2.26,1.67,4.08,3.59,1.78,3.91,3.04,3.01,2.61,2.09,1.61,3.59,4.33,3.19,3.34,2.58,5.5,2.82
PNA128[PNA128],5,5,5,5,5,5,5,4,5,5,1,4,5,4,4,5,5,4
PNA128Time,3.53,7.01,1.86,3.67,2.3,2.13,2.55,3.08,1.6,2.19,2.62,2.71,3.54,2.9,2.25,5.05,3.5,2.33
PNA129[PNA129],4,5,5,2,4,4,5,5,4,3,3,4,2,3,3,4,5,4
PNA129Time,3.84,2.57,1.78,2.34,3.21,2.68,3.59,3.39,1.6,2.6,3.2,2.75,3.86,2.93,3.45,3.02,3.55,3
PNA12[PNA12],5,2,5,4,4,5,5,4,5,5,3,4,4,4,4,1,5,2
PNA12Time,2.93,17.42,1.74,8.58,2.71,2.11,5.33,2.75,2.22,2.06,1.73,1.83,5.33,2.59,2.35,2.89,2.83,3.1
PNA130[PNA130],5,4,4,3,5,4,1,1,4,4,1,4,4,4,2,5,3,4
PNA130Time,2.85,1.74,2.23,5.87,3.73,2.18,3.59,3.27,2.15,1.36,2.72,3.29,7.31,3,2.49,2.38,2.95,6.44
PNA131[PNA131],5,3,5,5,4,5,5,4,5,4,3,4,5,4,5,5,5,5
PNA131Time,2.59,3.4,1.61,7.7,2.26,1.91,2.35,2.6,2.13,1.89,3.13,3.27,4.24,3.13,1.71,2.36,3.1,3.4
PNA132[PNA132],5,5,4,3,5,5,1,4,5,4,1,4,5,3,4,5,5,4
PNA132Time,2.11,2.61,5.42,7.21,2.77,2.08,3.2,2.81,2.44,1.62,2.76,1.75,4.64,2.4,2.54,3.53,2.79,2.42
PNA133[PNA133],3,4,2,2,2,3,5,4,4,4,1,3,4,3,4,1,4,4
PNA133Time,3.76,1.71,4.62,8.43,3.08,3.23,2.43,3.4,4.64,3.04,2.58,2.37,4.12,4.94,5.78,2.92,3.97,1.78
PNA134[PNA134],2,5,4,2,3,2,1,4,4,2,1,4,4,3,2,1,3,4
PNA134Time,6.83,4.55,2.43,3.83,3.48,2.69,2.56,3.16,2.62,1.68,3.37,3.96,3.87,2.47,2.78,2.72,2.74,3.97
PNA135[PNA135],4,4,4,4,3,4,5,4,3,5,5,4,5,4,4,5,5,2
PNA135Time,4.13,2.59,5.49,4.91,2.29,2.32,4.68,3.13,2.69,1.89,2.42,3.01,5.45,2.82,2.31,4.79,3.37,4.17
PNA136[PNA136],5,5,5,5,5,5,1,4,5,5,3,4,5,4,3,5,5,3
PNA136Time,3.64,1.59,1.41,4.32,2.63,2.01,2.76,3.9,2.2,2.01,3.01,1.92,6.45,2.61,4.11,1.85,3.85,3.66
PNA137[PNA137],5,4,2,4,4,5,5,4,5,4,2,1,2,4,4,5,5,3
PNA137Time,2.75,2.52,2.96,4.02,2.93,2.34,2.38,2.14,2.5,3.17,1.59,3.74,4.4,3.28,2.85,1.94,2.64,4.48
PNA138[PNA138],5,4,5,4,4,4,5,4,4,5,3,2,3,4,3,5,5,2
PNA138Time,3.5,2.15,2.76,4.59,2.81,2.69,2.51,3.36,1.59,1.33,4.03,5.68,6.38,3.82,2.81,2.24,2.44,3.58
PNA139[PNA139],4,5,2,5,1,2,5,3,2,3,3,2,3,2,5,1,3,4
PNA139Time,4.02,2.01,1.89,4.75,2.9,3.8,2.01,6.63,3.05,2.24,2.68,2.17,4.56,2.31,1.85,1.91,4.75,3.44
PNA13[PNA13],5,4,2,4,3,3,5,4,4,5,3,2,4,3,4,5,5,3
PNA13Time,3.09,2.1,3.43,4.12,3.77,4.59,3.67,3.32,2.08,2.23,3.25,4.28,3.84,2.26,2.42,2.72,4.97,2.73
PNA140[PNA140],5,4,4,4,1,2,5,4,4,5,1,2,4,4,2,1,1,4
PNA140Time,2.42,2.04,2.81,3.1,1.5,2.57,5.45,3.33,1.49,1.81,2.53,2.71,4.09,2.59,2.91,3.04,2.87,3.84
PNA141[PNA141],5,4,5,5,1,4,5,4,5,4,1,4,5,3,3,5,4,3
PNA141Time,3.18,2.39,2.52,2.25,1.81,2.28,3.11,5.55,2.06,2.81,2.22,2.8,4.42,2.9,6.67,2.34,2.86,6.07
PNA142[PNA142],5,5,5,5,5,4,5,5,5,5,1,4,3,4,5,5,5,5
PNA142Time,2.99,1.55,1.93,3.49,2.47,2.47,1.88,2.77,1.43,3.37,2.36,3.28,8.07,2.38,3.17,2.31,2.5,1.96
PNA143[PNA143],5,5,5,4,4,5,5,3,5,5,3,4,5,4,4,5,5,5
PNA143Time,2.69,3.13,1.13,3.79,4.5,2,2.87,2.19,2.6,1.47,2.4,1.59,4.15,4.82,3.26,2.87,2.36,2.84
PNA144[PNA144],5,4,5,5,4,4,5,4,5,4,5,4,5,4,4,3,5,5
PNA144Time,3.85,2.54,4.04,4.13,2.25,2.26,2.54,5.55,2.55,2.4,2.27,2.99,3.93,2.62,2.91,7.52,3.11,2.88
PNA145[PNA145],4,4,5,2,2,4,5,4,5,4,3,4,5,2,5,1,3,2
PNA145Time,3.94,3.25,3.02,3.5,3.25,2.24,3.81,2.99,1.92,1.75,2.91,6.24,4.11,2.84,2.89,1.87,4.49,5.66
PNA146[PNA146],4,4,3,5,4,5,5,4,5,5,2,4,5,4,4,1,5,4
PNA146Time,3.31,1.64,3.1,2.08,1.91,2.06,1.78,2.19,2.08,2.9,2.93,4.76,3.33,2.64,1.7,6.19,3.47,3.15
PNA147[PNA147],5,4,4,5,1,5,5,3,2,5,2,3,5,5,4,5,5,2
PNA147Time,3.11,2.13,2.44,3.58,2.35,2.75,2.49,3.58,1.78,1.32,1.71,2.77,5.67,2.67,2.94,3.6,3.37,4.7
PNA148[PNA148],5,4,1,2,4,3,5,5,4,5,1,3,5,4,4,5,4,4
PNA148Time,3.12,1.41,6.8,8.81,2.03,2.77,5.19,4.59,2.34,1.92,2.22,4.41,3.48,2.28,3.44,2.82,4.64,3.58
PNA149[PNA149],5,4,5,5,5,5,5,4,5,5,4,3,5,4,4,5,5,2
PNA149Time,3.16,3.38,2.07,3.64,1.69,2.17,6.01,2.42,2.53,1.96,2.33,4.42,3.88,3.42,2.94,2.07,2.8,2.7
PNA14[PNA14],4,2,5,5,4,5,5,4,5,5,2,4,5,4,3,5,4,4
PNA14Time,4.04,5.03,2,3.32,3.15,2.12,14.04,3.07,2.9,1.69,2.16,2.11,3.13,2.64,2.12,2.45,3.73,3.5
PNA150[PNA150],5,5,5,5,5,5,5,5,5,5,4,4,5,4,4,5,5,4
PNA150Time,2.67,1.47,2.7,3.89,1.29,2.31,3.17,2.92,2.87,1.65,2.98,2.29,4.68,3.72,1.98,2.66,3.75,3.04
PNA15[PNA15],1,4,2,1,5,2,5,4,1,1,1,1,2,2,4,1,2,2
PNA15Time,3.58,2.96,5.22,3.26,2.64,2.32,2.23,3.47,2.3,2.28,2.72,1.98,4.5,2.79,4.28,2.55,3.8,2.44
PNA16[PNA16],4,5,5,4,4,3,5,5,4,4,4,3,5,4,3,5,5,4
PNA16Time,4.53,3.12,1.9,3.96,3.69,2.88,4.45,3.67,1.56,1.59,2.06,3.51,3.28,3.17,2.04,2.53,3.94,2.73
PNA17[PNA17],5,4,4,2,1,5,5,5,1,5,2,2,4,2,3,5,5,3
PNA17Time,2.8,2.65,1.47,2.53,2.9,2.92,2.9,3.98,2.8,1.37,2.13,4.27,4.88,4.79,4.44,3.03,2.66,2.2
PNA18[PNA18],5,4,2,5,4,5,5,5,5,5,3,4,5,4,5,1,5,2
PNA18Time,4.29,2.34,6.2,5.04,1.15,2.02,2.66,3.99,2.73,1.7,2.33,2.57,3.89,3.09,2.11,2.51,2.91,3.05
PNA19[PNA19],3,4,4,5,1,1,5,3,4,3,2,2,4,2,2,1,5,4
PNA19Time,3.13,4.32,3.02,5.98,3.54,1.87,2.6,3.18,2.37,2.69,2.61,4.45,4.5,3.18,4.14,3.33,3.07,2.65
PNA210[PNA210],4,4,2,4,4,5,5,3,3,4,2,3,4,2,4,1,5,4
PNA210Time,3.6,3.38,8.2,4.42,1.69,2.56,3.02,4.14,2.52,2.09,1.97,2.02,4.31,3.04,2.23,2.9,1.88,2.09
PNA211[PNA211],4,5,4,5,1,3,5,4,5,5,2,4,5,3,5,5,5,3
PNA211Time,3.38,2.88,2.72,4.41,1.81,2.51,1.99,2.59,2.76,2.47,1.71,2.11,4.17,2.38,2.19,2.19,2.8,3.13
PNA212[PNA212],5,4,4,3,1,4,5,3,4,4,2,4,5,4,5,1,5,4
PNA212Time,4.95,3.61,3.19,5.23,3.66,4.04,2.38,2.33,1.96,1.27,2.33,1.62,3,2.71,1.84,2.73,3.64,6.11
PNA213[PNA213],3,3,4,3,1,3,5,2,5,3,1,3,3,2,3,5,4,4
PNA213Time,4.42,2.47,2.87,8.35,4.69,4.63,2.78,5.56,2.44,3.14,2.37,3.39,3.47,2.77,4.13,2.76,6.41,1.6
PNA214[PNA214],4,5,4,3,1,4,5,4,4,4,5,4,5,3,3,5,3,4
PNA214Time,3.46,2.15,2.86,2.7,1.23,2.17,2.56,3.42,2.51,1.62,2.8,2.54,3.16,4.04,3.87,2.42,2.99,2.89
PNA215[PNA215],5,2,5,4,5,5,1,4,5,4,2,3,4,3,5,5,5,3
PNA215Time,2.17,4.85,3.08,3.27,3.44,2.63,2.82,2.8,2.1,1.57,1.84,3.54,4.2,2.76,3.57,2.34,2.77,2.29
PNA216[PNA216],5,5,2,5,3,4,5,4,5,5,3,4,4,4,2,5,5,4
PNA216Time,3.32,1.88,1.65,3.58,1.73,3.25,3.45,2.25,1.62,1.68,1.86,4.79,5.46,2.91,3.67,2.36,2.96,2.02
PNA217[PNA217],5,4,2,2,1,3,1,4,3,3,4,2,3,3,4,5,4,3
PNA217Time,5.87,4.48,5.68,2.6,1.72,3.57,2.98,7.71,4.02,2.47,2.15,2.28,4.11,5.69,2.13,1.76,2.58,5.92
PNA218[PNA218],5,4,4,5,1,4,1,4,4,3,2,3,4,4,4,5,5,4
PNA218Time,2.19,3.69,3.07,7.75,4.71,2.65,5.11,2.77,1.67,1.74,2.56,3.19,3.57,3.12,2.69,2.61,3.44,2.52
PNA219[PNA219],3,4,3,4,4,5,5,4,5,3,2,4,5,2,3,5,4,4
PNA219Time,3.98,3.84,3.53,3.31,1.08,3.24,3.71,2.63,2.41,1.71,2.24,2.98,4.2,2.56,3.58,4.76,2.62,2.27
PNA21[PNA21],5,5,5,4,5,2,5,5,5,1,1,2,3,3,3,1,3,4
PNA21Time,3.43,1.68,1.66,6.42,3.7,3.42,3.24,2.76,1.37,1.77,2.2,8.97,4.37,2.21,5.05,2.9,7.51,3.28
PNA220[PNA220],4,5,2,4,3,5,5,2,5,1,3,4,4,3,1,1,5,4
PNA220Time,5.92,2.45,2.51,5.04,3.02,2.54,2.84,3.78,2.11,2.17,2.37,1.53,6.36,3.27,1.82,1.97,3.76,3.39
PNA221[PNA221],4,5,3,5,2,5,5,4,5,5,3,4,4,4,4,5,5,4
PNA221Time,5.66,1.66,4.67,4.88,2.61,2.24,2.88,3.73,2.33,1.62,2.67,2.34,7.52,2.76,2.7,2.04,3.17,4.1
PNA222[PNA222],2,5,5,2,3,3,1,4,2,5,2,2,1,2,2,5,5,3
PNA222Time,4.05,3.13,2.79,3.49,3.71,2.37,2.67,8.61,2.82,2.01,1.8,3.9,5.52,2.7,2.15,2.22,4.44,4.05
PNA223[PNA223],5,4,4,3,1,5,1,4,3,5,1,4,4,2,5,5,5,2
PNA223Time,3.43,2.53,2.39,3.09,2.55,1.93,4.61,3.5,3.07,2.44,2.22,4.27,3.48,3.4,2.53,2.97,3.28,3.09
PNA224[PNA224],4,4,5,3,1,2,5,4,3,4,1,4,5,2,2,5,5,4
PNA224Time,2.1,2.37,3.94,4.87,3.15,4.09,2.74,4.3,6.03,1.76,1.76,2.39,3.73,4.36,4.75,2.76,3.26,3.25
PNA225[PNA225],5,4,4,4,4,5,1,5,4,5,1,3,3,4,4,1,5,4
PNA225Time,2.47,1.88,2.69,3.31,3.84,1.82,4.22,3.02,2.29,1.57,1.62,2.9,8.1,2.8,1.78,2.01,2.65,3.06
PNA226[PNA226],4,4,4,4,4,4,5,4,2,4,1,4,5,4,1,1,4,4
PNA226Time,6.25,2.34,2.31,4.56,2.57,2.21,3.09,16.01,1.54,2.69,2.63,2.4,4.13,2.88,1.57,2.4,3.29,2.95
PNA227[PNA227],5,5,5,5,1,5,5,4,5,4,3,4,4,4,4,5,5,4
PNA227Time,3.46,2.97,2.97,3.13,3.28,2.14,2.76,5.17,1.77,3.05,2.21,3.26,4.64,4.74,2.33,1.81,7.01,3.14
PNA228[PNA228],5,4,1,3,3,3,1,4,5,5,3,4,5,4,1,5,5,4
PNA228Time,2.27,1.66,4.05,4.01,4.06,4.23,3.05,3.53,2.21,2.6,2.37,2.47,3.97,2.05,2.56,2.9,3.41,2.22
PNA229[PNA229],4,5,2,2,2,2,1,5,2,1,2,4,4,3,3,1,3,4
PNA229Time,5.34,3.1,4.48,6.29,3.73,6.41,2.35,3.36,1.8,1.84,2.9,1.87,3.69,4.82,4.22,3,3.62,2.04
PNA22[PNA22],3,5,4,2,3,4,5,2,4,1,4,4,2,4,1,5,5,4
PNA22Time,3.1,1.98,3.21,4.35,1.93,1.69,4.67,3.45,1.61,2.6,3.23,1.51,4.46,2.63,3.36,2.42,2.71,1.9
PNA230[PNA230],4,5,4,3,4,4,5,3,5,5,2,4,5,4,2,5,5,4
PNA230Time,2.69,2.92,2.99,3,2.1,1.96,5.84,2.93,2.22,3.68,3.17,1.32,3.8,2.8,2.57,2.62,3.67,2.07
PNA23[PNA23],5,5,5,5,5,4,1,4,5,5,5,4,4,3,5,1,5,3
PNA23Time,2.46,1.37,1.93,4.46,3.04,2.68,3.35,2.44,2.31,2.1,2.32,3.27,5.81,2.4,1.7,3.78,2.59,8.77
PNA24[PNA24],4,4,4,5,2,1,1,4,2,1,3,4,4,1,2,1,5,4
PNA24Time,4.52,2.56,3.72,3.58,2.37,4.57,3.53,4.45,1.71,1.56,2.08,2.65,4.33,2.75,2.9,2.13,2.16,2.86
PNA25[PNA25],3,4,3,4,5,5,1,1,5,1,3,2,5,2,2,1,4,2
PNA25Time,3.72,1.58,5.96,6.45,2.04,3.89,3.79,2.51,1.57,2.1,3.11,5.53,4.88,3.04,5.71,3.82,4.77,2.91
PNA26[PNA26],4,4,2,3,1,5,5,2,3,1,1,2,5,4,2,5,4,4
PNA26Time,4.32,3.28,3.73,5.24,1.76,2.43,3.25,3.45,2.83,2.4,2.53,3.46,5.4,2.03,3.2,2.26,3.63,2.12
PNA27[PNA27],4,3,5,5,4,5,5,4,2,1,2,2,3,2,1,5,5,3
PNA27Time,4.79,2.94,4.15,7.83,2.23,1.36,5.02,3.64,1.74,1.53,1.84,2.58,4.08,3.06,2.14,2.67,2.5,4.73
PNA28[PNA28],4,3,5,2,5,4,5,1,5,3,1,3,5,3,5,1,5,3
PNA28Time,4.62,2.06,6.05,5.79,2.64,3.49,2.87,3.21,1.8,2.86,2.56,2.61,3.84,2.66,1.81,2.31,6.38,2.39
PNA29[PNA29],4,5,4,5,1,3,1,5,5,1,3,3,5,2,4,5,5,3
PNA29Time,2.29,2.29,2.51,3.08,2.39,2.68,3.36,2.4,2.24,2.15,2.19,5.99,3.61,2.36,2.08,2.38,3.23,5.92
profession,Angestellte(r),Angestellte(r),arbeitssuchend,Student(in),Student(in),Student(in),Angestellte(r),Angestellte(r),Angestellte(r),Student(in),Student(in),Student(in),Angestellte(r),Student(in),Student(in),Student(in),Student(in),Student(in)
profession[other],,,,,,,,,,,,,,,,,,
professionTime,9.14,8.41,7.6,10.88,4.71,7.83,7.42,8.89,5.43,4.88,137.65,4.59,14.57,6.23,4.61,8.42,6.21,8.5
ptest1[SQ001],1,5,2,3,5,3,1,4,4,5,2,1,2,4,5,4,3,2
ptest1Time,11,5.05,5.77,11.14,2,5.99,8.75,7.76,4.81,5.42,5.43,6.05,7.29,4.02,4.34,7.09,5.21,8.65
ptest2[SQ001],5,5,4,4,5,4,5,5,5,5,2,3,3,4,5,5,5,4
ptest2Time,5.56,2.4,4.48,2.64,3.32,6.94,9.45,7,2.21,3.1,4.52,5.69,16.69,3.11,4.09,5.09,4.03,4.54
ptest3[SQ001],5,5,5,5,5,5,5,5,5,5,3,4,4,5,5,5,5,4
ptest3Time,3.81,2.59,2.51,4.27,5.95,5.55,5.14,3.01,2.12,6.12,3.29,3.97,9.15,3.18,5.12,3.28,3.47,8.76
ptest4[SQ001],5,5,2,5,4,5,5,5,5,5,3,4,5,4,5,5,5,4
ptest4Time,5.17,2.33,7.43,4.33,3,4.09,7.65,2.63,2.92,2.23,3.25,3.01,6.09,3.14,2.83,3.83,3.14,2.52
PVA110[PVA110],5,5,4,4,5,5,5,4,5,5,3,4,3,4,2,5,5,1
PVA110Time,2.23,1.61,5.64,4.29,2.96,2.34,3.05,3.86,1.79,1.58,3.21,5.62,4.65,2.16,1.86,5.6,3.24,5.49
PVA111[PVA111],5,3,5,5,1,5,5,5,5,4,2,4,5,4,4,5,5,4
PVA111Time,8.65,2.47,2.62,4.14,4.07,1.8,2.72,3.31,1.52,1.65,2.91,4.12,4.97,3.29,1.92,3.29,3.17,4.11
PVA112[PVA112],4,4,2,3,4,5,5,5,5,5,3,4,4,4,5,5,5,3
PVA112Time,3.43,1.86,2.24,6.12,3.23,2.14,3.04,3.48,1.9,2.57,3.09,2.39,4.39,2.71,2.71,2.26,3.43,2.5
PVA113[PVA113],5,5,5,5,3,3,5,5,5,5,2,4,5,4,3,5,5,4
PVA113Time,4.37,2.15,2.57,3.06,4.79,3.06,3.04,3.1,1.79,1.57,1.86,2.35,4.51,3.18,3.39,3.43,3.03,4.05
PVA114[PVA114],5,5,5,4,3,5,5,4,2,5,1,4,3,4,5,5,5,4
PVA114Time,3.22,4.16,2.58,3.54,2.39,1.55,2.21,4.43,1.72,2.24,2.55,3.28,4.64,5.97,4.07,2.85,2.82,4.35
PVA115[PVA115],2,4,4,5,3,1,5,4,5,5,2,4,5,3,5,5,5,1
PVA115Time,2.64,2.36,3.45,3.16,3.51,3.53,3.28,2.67,2.14,1.64,2.11,4.19,4.33,3.45,3.29,2.63,3.95,7.97
PVA116[PVA116],5,5,5,3,1,2,1,4,5,4,1,4,4,2,3,5,4,2
PVA116Time,5.98,2.29,2.56,4.17,2.91,2.09,3.55,2.78,2.28,1.72,2.35,2.41,3.65,3.93,3.45,1.92,3.19,2.7
PVA117[PVA117],4,4,3,3,1,4,1,4,4,5,2,4,4,4,4,5,5,3
PVA117Time,3.17,2.73,4.99,5.81,2.22,2.05,3.58,2.69,1.35,1.64,2.54,1.89,3.57,3.03,2.36,2.24,3.94,6.01
PVA118[PVA118],4,4,3,4,4,3,1,3,5,5,1,3,4,3,3,5,5,3
PVA118Time,2.48,3.31,2.28,2.58,3.38,1.93,3.18,3.73,2.07,1.61,2.96,4.85,3.81,2.63,4.67,2.06,5.12,5.16
PVA119[PVA119],5,4,5,4,5,4,5,4,5,5,1,4,3,4,4,5,5,4
PVA119Time,2.88,2.05,1.53,2.1,2.28,2.12,2.54,2.43,1.56,2.16,1.76,4.51,8.2,2.85,1.72,1.58,3.43,1.97
PVA11[PVA11],3,5,4,4,4,4,1,3,3,3,1,4,4,3,5,5,5,2
PVA11Time,4.72,4.71,6.78,4.21,1.91,2.26,3.54,4.23,2.9,2.89,1.61,4.29,3.55,2.19,2.61,2.96,4.32,3.2
PVA120[PVA120],5,3,5,3,3,5,5,4,5,5,3,4,4,4,5,5,5,4
PVA120Time,6.3,2.17,4.2,4.59,3.04,1.8,2.59,3.36,2.36,2.95,1.91,2.54,4.37,2.96,2.84,3.57,5.78,2.34
PVA121[PVA121],4,4,5,4,1,5,5,4,4,5,4,4,5,4,4,5,5,4
PVA121Time,6.16,2.33,2.08,3.22,1.57,2.53,5.11,3.77,2.1,1.7,2.93,2.25,4.99,3.1,3.23,2.91,2.94,2.95
PVA122[PVA122],4,3,2,3,1,5,5,5,5,5,2,3,5,4,4,5,4,4
PVA122Time,4.67,3.3,3.12,3.69,1.59,2.78,3.01,2.69,1.81,1.58,2.2,2.74,5.26,2.43,5.58,2.36,4.93,2.61
PVA123[PVA123],3,4,4,4,2,4,1,4,5,5,1,2,3,3,3,5,4,4
PVA123Time,4.65,2.16,3.65,4.4,3.62,2.41,4.68,3.51,1.73,3.41,2.12,3,3.09,2.92,3.97,3.38,3.5,3.01
PVA124[PVA124],4,4,5,3,1,5,5,4,5,5,5,3,4,4,4,5,5,3
PVA124Time,3.74,2.44,2.09,5,1.04,2.78,3.17,4.07,1.99,2.07,2.18,2.64,5.54,2.98,1.8,5.49,2.96,2.19
PVA125[PVA125],4,5,2,5,5,5,5,4,4,5,1,4,4,4,5,5,5,4
PVA125Time,4.25,2.93,3.83,4.46,1.92,2.36,2.48,4.33,1.45,2.37,2.64,2.67,3.3,2.58,2.12,2.9,3.32,2.41
PVA126[PVA126],4,5,5,4,3,5,1,3,5,4,3,4,2,3,2,5,3,4
PVA126Time,3.34,2.37,2.27,3.98,4.06,12.44,2.45,6.33,1.81,2.16,2.26,2.25,4.53,3.1,2.42,2.28,2.69,3.15
PVA127[PVA127],3,4,3,5,1,5,5,4,4,5,2,4,4,2,4,5,4,4
PVA127Time,5.04,2.61,3.54,4.39,2.04,2.61,2.12,2.63,3.4,3.11,2.26,2.29,4.67,2.78,2.6,4.25,3.92,2.69
PVA128[PVA128],3,4,5,4,4,3,5,4,5,5,1,4,4,4,4,5,4,4
PVA128Time,4.92,2.26,2.38,4.59,1.94,4.25,3.72,4.47,1.4,2.52,2.52,2.26,4.45,2.32,1.98,2.12,2.5,2.2
PVA129[PVA129],5,4,2,4,3,5,5,3,5,5,2,4,3,4,3,5,4,4
PVA129Time,3.52,2.83,2.69,5.31,3.35,2,3.03,2.92,1.99,1.82,2.69,2.3,3.95,2.26,3.57,1.76,3.09,6.47
PVA12[PVA12],5,5,5,5,5,4,1,3,5,5,2,2,5,4,5,5,5,5
PVA12Time,2.44,2.28,1.81,4.42,2.29,3.47,14.76,4.38,1.7,1.5,2.98,2.17,3.96,2.45,4.45,2.68,4.18,5.04
PVA130[PVA130],4,3,5,5,4,5,5,5,5,5,2,4,5,3,4,2,5,4
PVA130Time,2.71,2.94,2.8,3.6,3.92,2.16,2.37,2.59,1.97,2.15,1.69,5.65,3.61,2.99,2.64,6.61,4.01,4.73
PVA131[PVA131],4,5,4,5,4,3,5,4,5,5,3,2,4,3,4,5,5,3
PVA131Time,3.01,2.47,1.34,4.6,1.75,2.6,3.87,3.3,2.1,1.27,2.36,2.64,4.01,2.61,2.78,1.73,3.21,3.99
PVA132[PVA132],5,4,4,5,5,4,5,4,4,5,3,4,5,3,3,5,5,3
PVA132Time,2.79,2.79,4.22,2.97,3.6,2.77,3.22,3.78,2.5,2.96,3.47,3.23,4.05,2.72,3.47,2.41,3.64,4.8
PVA133[PVA133],5,3,4,4,2,4,5,4,5,4,3,2,4,2,5,5,5,4
PVA133Time,3.36,1.74,2.91,3.61,5.66,2.99,3.29,2.87,1.58,1.47,1.88,4.2,5.9,2.51,3.86,2.14,3.12,2.68
PVA134[PVA134],3,5,4,2,4,3,1,4,5,4,1,4,4,3,5,5,5,4
PVA134Time,3.47,2.54,2.2,6.49,1.56,2.88,3.53,2.92,2.08,1.35,2.79,2.85,5.04,3.43,2.4,2.95,2.74,5.23
PVA135[PVA135],5,5,5,5,5,5,5,4,5,5,2,4,5,3,5,5,5,4
PVA135Time,4.4,4.33,2.74,2.98,1.71,2.94,2.99,2.26,2.17,1.83,2.09,2.29,3.75,2.97,1.52,2.21,7.03,2.06
PVA136[PVA136],4,4,2,4,3,5,5,4,5,5,3,3,3,4,3,1,5,4
PVA136Time,5.72,3.4,7.55,6.2,3.81,1.84,2.87,3.78,1.75,1.66,3.24,2.75,4.4,4.52,3.01,3.12,2.76,1.84
PVA137[PVA137],5,4,5,5,5,5,5,4,5,5,3,4,4,3,4,5,5,3
PVA137Time,2.76,2.65,2.59,2.79,2.32,3.65,2.67,4.11,2.45,1.97,2.01,2.28,4.85,3.06,2.14,2.93,3.6,6.66
PVA138[PVA138],5,4,5,4,4,5,5,5,5,5,3,4,3,4,2,5,5,4
PVA138Time,2.83,1.93,2.37,3.09,2.69,3.89,2.62,3.53,1.71,2.72,1.72,2.39,4.4,2.48,4.06,2.69,3.49,4.92
PVA139[PVA139],5,2,4,4,4,2,1,4,4,5,2,4,2,3,4,5,5,4
PVA139Time,3.71,4.58,15.8,4.43,2.56,2.75,4.05,2.27,2.51,2.09,3.72,2.13,4.18,2.48,3.16,3.45,7.87,3.49
PVA13[PVA13],2,4,4,4,4,1,1,4,5,5,3,2,4,1,1,1,5,4
PVA13Time,4.03,2.99,3.99,5.54,6.27,3.75,3.05,3.02,1.8,2.67,2.73,2.69,3.79,2.59,4.6,5.82,3.07,2.72
PVA140[PVA140],4,4,5,5,5,5,5,4,5,5,2,4,5,3,5,5,5,4
PVA140Time,3.19,2.06,4.6,3,1.88,1.65,3.63,2.67,1.89,1.77,2.7,2.1,3.27,1.9,2.22,4.89,2.7,5.39
PVA141[PVA141],5,5,5,5,5,5,5,5,3,5,3,4,5,2,4,5,4,4
PVA141Time,2.8,1.67,3.7,3.74,2.69,3.75,3.07,2.53,5.25,1.64,1.7,2.05,6.35,5.07,2.26,7.88,3.88,3.19
PVA142[PVA142],4,5,4,2,5,5,5,4,5,5,3,4,4,4,5,5,5,2
PVA142Time,3.97,3.67,1.78,4.22,2.65,1.83,3.42,3.49,2.09,1.85,2.84,2.54,7.89,2.9,3.48,3.64,3.4,2.67
PVA143[PVA143],4,3,1,3,4,4,1,5,5,1,2,1,5,3,2,1,5,4
PVA143Time,3.33,5.55,2.93,6.66,4.72,2.83,2.42,3.55,1.7,2.25,2.01,2.6,4.78,2.15,5.17,2.1,3.21,3.47
PVA144[PVA144],5,5,5,4,4,5,5,2,5,5,3,4,5,5,5,5,5,3
PVA144Time,3.05,2.11,2.16,4.4,4.59,2.33,2.74,3.81,1.96,1.32,2.3,1.58,5.74,2.15,2.9,3.27,7.16,2.13
PVA145[PVA145],5,4,5,5,3,3,5,4,5,5,4,4,5,4,4,5,5,5
PVA145Time,3.1,1.67,2.23,2.84,3.78,3.47,5.48,7.4,2.3,1.59,3.09,2.32,3.18,2.49,2.1,2.72,3.45,3.97
PVA146[PVA146],5,4,5,5,4,5,5,4,5,5,5,4,5,4,5,5,5,4
PVA146Time,3.44,2.38,2.06,5.05,2.57,2.2,3.57,2.73,2.3,1.24,2.21,4.47,3.07,2.59,2.32,2.15,3.13,2.47
PVA147[PVA147],2,5,5,5,5,4,5,5,4,5,1,4,5,2,4,1,5,3
PVA147Time,3.74,2.28,1.96,3.78,2.19,2.97,4.13,3.17,2.53,1.84,2.72,2.15,4.76,4.07,1.71,1.94,4.39,2.18
PVA148[PVA148],4,3,4,1,4,4,1,4,5,4,1,2,5,2,5,1,3,4
PVA148Time,3.51,2.05,2.38,3.86,1.17,5.18,4.06,3.02,2.63,2.62,1.63,1.98,3.54,2.98,2.87,3.18,3.79,2.22
PVA149[PVA149],4,4,5,5,5,4,5,3,5,5,5,2,3,4,3,5,5,4
PVA149Time,2.41,2.11,6.54,4.07,3.07,2.27,2.83,2.62,2.4,2,1.92,7.38,25.56,3.23,5.67,2.85,3.06,6.49
PVA14[PVA14],3,3,1,2,5,4,1,4,5,4,3,2,2,3,2,1,5,4
PVA14Time,4.49,5.96,4.56,4.42,2.23,2.48,3.94,1.95,2.96,2.36,2.28,5.22,3.83,1.84,4.32,3.06,2.72,4.63
PVA150[PVA150],4,5,4,4,5,4,1,4,4,5,3,2,3,4,4,5,5,3
PVA150Time,4.49,1.67,2.31,5.8,2.21,5.29,3.42,3.09,1.82,3.89,3,1.75,4.93,3.16,2.29,2.57,4.74,3.03
PVA15[PVA15],5,5,5,5,5,4,5,3,5,5,5,4,4,5,5,5,5,4
PVA15Time,2.75,2.79,2.28,2.66,1.61,1.84,2.34,4.79,2.51,1.62,2.8,2.44,3.29,2.81,1.69,2.6,3.47,3.48
PVA16[PVA16],4,5,2,4,5,5,1,4,2,5,2,4,4,3,4,5,5,4
PVA16Time,3.14,2.65,6.1,5.57,2.8,2.69,3.69,2.88,1.43,1.63,2.19,2.47,3.09,2.85,2.61,2.7,7.29,2.82
PVA17[PVA17],4,4,3,2,2,3,5,4,5,5,1,4,3,4,4,5,5,4
PVA17Time,6.27,2.56,5.16,4.32,1.6,3.24,3.12,6.26,1.41,3,3.05,2.22,6.37,2.27,3.67,4.09,3.53,3.48
PVA18[PVA18],3,3,4,4,1,5,5,3,4,5,1,4,2,4,3,5,5,4
PVA18Time,5.01,2.67,2.58,3.39,2.58,2,7.06,4.11,1.65,1.87,2.46,2.14,3.75,2.12,3.01,2.75,4.13,2.24
PVA19[PVA19],3,5,4,5,5,3,5,4,4,5,3,2,4,2,2,5,5,4
PVA19Time,2.93,2.62,3.34,5.56,2.7,1.58,3.33,3.54,2.43,2.78,2.88,3,4.38,3.21,3.02,2.09,3.66,6.61
PVA210[PVA210],4,4,2,4,5,4,1,4,5,2,1,2,5,4,4,5,4,4
PVA210Time,5.94,2.06,4,2.59,2.38,3.59,3.32,2.93,1.93,2.78,2.38,4.68,4.03,2.9,2.33,2.48,3.32,3.22
PVA211[PVA211],5,3,5,1,5,5,5,4,5,5,1,4,5,5,4,5,5,2
PVA211Time,3.01,2.26,2.89,3.47,2.05,2.75,3.8,2.69,1.71,2.26,2.96,7.03,4.26,2.2,9.49,3.67,4.01,5.8
PVA212[PVA212],4,5,2,2,4,5,1,3,4,1,2,2,3,1,5,5,4,4
PVA212Time,3.89,2.26,2.48,4.08,2.47,2.22,2.62,4.01,1.68,2.52,5.34,1.93,8.98,4.53,2.83,2.1,3.44,2.54
PVA213[PVA213],4,4,1,2,4,3,1,4,5,4,3,3,4,1,1,5,5,3
PVA213Time,5.93,2.38,3.32,4.1,2.11,3.53,2.07,3.1,1.73,2.37,1.79,3.54,3.99,2.36,4.4,1.75,3.66,3.66
PVA214[PVA214],4,5,4,2,4,2,5,5,2,5,2,3,4,3,4,5,5,2
PVA214Time,5.15,2.82,3.67,4.79,4.31,2.96,5.64,4.33,3.45,2.43,2.35,5.53,9.43,3.23,5.11,5.1,2.97,4.99
PVA215[PVA215],5,4,5,3,5,4,5,1,5,4,3,4,5,4,4,5,5,4
PVA215Time,3.34,3.5,3.03,24.14,2.83,1.95,2.57,4.38,2.43,2.58,2.5,1.89,3.86,2.54,3.17,2.43,3.29,2.27
PVA216[PVA216],4,4,4,3,5,2,5,4,2,5,1,4,4,2,4,5,3,2
PVA216Time,2.24,2.69,3.41,3.38,2.26,4.61,3.11,2.88,2.39,1.7,1.91,2.8,4.54,4.77,2.08,1.87,3.03,4.55
PVA217[PVA217],5,4,5,5,4,4,5,3,5,5,1,4,5,3,5,5,5,4
PVA217Time,2.78,1.86,1.64,3.06,3.49,1.88,2.58,4.47,2.13,1.56,3.16,2.08,3.84,3.65,1.51,3,3.55,2.14
PVA218[PVA218],4,5,5,4,5,5,1,4,5,4,1,4,5,3,4,1,5,4
PVA218Time,2.08,5.34,3.46,4.44,2.14,2.5,3.02,2.21,1.42,1.43,1.99,6.48,4.28,2.51,3.03,7.38,4.04,2.58
PVA219[PVA219],5,4,3,3,1,3,1,1,5,2,2,4,4,4,4,5,5,4
PVA219Time,4.48,2.67,4.04,3.32,2.22,4.39,3.78,7.24,2.16,3.18,1.85,3.44,5.77,2.55,2.35,2.59,4.39,2.91
PVA21[PVA21],4,5,4,3,1,5,5,4,5,5,3,4,5,4,4,5,5,4
PVA21Time,3.91,3.32,2.3,3.33,2.2,2.93,2.5,4.1,2.44,1.55,2.95,2.17,4.43,3.08,2.4,2.19,3.61,2.25
PVA220[PVA220],5,4,3,2,4,5,5,4,5,5,1,2,4,3,4,5,5,4
PVA220Time,4.15,2.98,3.96,2.2,2.15,2.95,3.02,3.98,2.1,2.07,2.84,2.71,3.32,2.46,2.43,3.74,3.36,6.19
PVA221[PVA221],4,4,4,4,3,3,1,2,5,5,2,4,5,3,2,5,5,3
PVA221Time,3,3.04,3.16,2.66,5.04,3.4,4.31,6.44,4.23,2.15,3.1,2.04,4.12,2.96,1.77,2.43,2.66,2.66
PVA222[PVA222],5,3,5,5,5,4,5,4,5,5,2,4,5,4,5,5,5,3
PVA222Time,3.3,2.83,7.07,2.72,1.64,2.94,2.86,2.42,2.13,1.8,2.08,2.12,3.6,2.79,1.49,1.96,4.49,2.65
PVA223[PVA223],5,5,4,4,4,4,5,4,5,3,2,4,4,3,3,5,5,3
PVA223Time,3.27,2.42,4.6,3.42,2.56,4.48,3.19,3.84,1.32,3.59,2.58,2.18,4.94,3.01,4,3.35,3.64,5.08
PVA224[PVA224],5,5,5,4,5,4,5,4,5,5,1,4,5,4,4,5,5,4
PVA224Time,2.94,1.96,1.51,3.4,2.54,4.87,4.44,2.28,1.66,1.94,2.5,2.28,5.22,1.44,7.41,1.78,3.84,4.29
PVA225[PVA225],4,5,2,4,1,2,1,1,5,4,2,3,2,4,2,5,5,3
PVA225Time,6.7,1.92,2.89,3.35,2.62,5.41,4.81,4.72,1.67,2.66,1.71,8.2,4.27,2.73,3.95,4.02,4.03,3.63
PVA226[PVA226],5,4,5,5,5,4,5,3,4,5,1,4,5,3,4,5,5,4
PVA226Time,2.67,2.67,4.29,4.81,2.22,1.74,2.23,2.51,3.34,1.6,2.67,2.24,7.88,2.67,3.82,2.32,2.93,5.18
PVA227[PVA227],5,5,2,4,5,4,5,5,5,4,1,4,4,4,4,1,5,2
PVA227Time,3.78,2.01,6.03,5.17,2.29,2.29,3.62,2.16,1.52,2.18,2.35,2.33,3.47,2.35,4.1,1.98,2.35,5.26
PVA228[PVA228],5,5,4,2,4,5,5,4,5,5,1,2,4,4,1,5,5,3
PVA228Time,4.37,2.23,4.16,7.48,2.18,1.95,3.23,2.83,2.4,1.48,2.85,2.21,5.26,2.07,1.94,2.99,3.38,3.87
PVA229[PVA229],3,5,5,5,5,5,5,4,5,5,1,3,4,4,4,5,5,3
PVA229Time,5.8,2.76,2.18,5.43,1.78,2.07,4.3,2.14,2.14,1.4,2.16,3.15,4.94,3.06,2.56,2.31,3.14,3.98
PVA22[PVA22],4,5,4,3,5,4,1,4,5,4,3,4,5,4,4,5,5,4
PVA22Time,4.18,3.18,2.88,5.73,4.12,2.95,4.45,2.92,2.05,1.42,3.63,2.2,4.57,2.78,4.54,3.55,3.2,3.12
PVA230[PVA230],3,5,4,3,4,5,5,4,4,4,2,3,5,3,4,1,4,4
PVA230Time,3.77,2.33,1.68,2.73,1.97,2.18,2.44,3.18,2.55,3.39,1.98,3.92,3.99,3.42,2.33,3.69,3.29,2.98
PVA23[PVA23],4,5,5,5,5,3,5,5,5,4,3,4,5,2,1,5,5,4
PVA23Time,2.63,1.45,2.4,3.48,1.42,2.27,3.37,2.79,2.38,1.98,2.1,1.76,3.2,3.15,2.57,2.46,2.39,2.08
PVA24[PVA24],5,4,4,4,4,5,5,4,5,5,2,2,4,4,4,5,5,4
PVA24Time,3.69,2.24,2.38,4.21,1.76,1.6,2.01,2.95,1.65,2.24,3.13,2.75,6.92,2.09,1.63,2.04,3.56,2.39
PVA25[PVA25],5,3,4,3,3,5,5,4,5,5,3,4,5,4,5,5,5,3
PVA25Time,3.46,2.88,2.64,2.7,2.24,1.83,4.67,3.49,1.32,2.15,1.8,2.21,3.96,3.54,2.31,2.41,4.79,5.9
PVA26[PVA26],5,5,5,4,3,4,5,4,5,5,3,4,5,4,5,5,5,4
PVA26Time,1.98,2.7,2.12,4.95,6.08,1.87,3.01,8.74,2.73,2.63,1.93,2.68,4.8,2.42,1.8,2.57,3.21,3
PVA27[PVA27],5,5,2,4,4,5,5,4,5,5,1,3,3,3,1,5,5,4
PVA27Time,3.79,1.55,3.58,6.04,2.05,2.13,3.02,3.32,1.95,1.78,2.41,4.45,4.83,2.75,3.54,2.58,2.94,2.75
PVA28[PVA28],4,4,2,2,5,4,1,3,5,4,4,2,4,2,5,5,5,4
PVA28Time,3.13,3.94,3.33,4.78,2.3,1.92,4.59,3.64,2.27,1.49,1.95,1.76,4.95,3.3,2.16,3.47,3.04,2.35
PVA29[PVA29],4,5,5,5,4,2,5,4,5,5,3,3,4,2,2,5,5,4
PVA29Time,6.74,2.25,1.64,3.6,2.71,3.45,2.59,3.69,2.34,1.42,2.22,2.38,5.45,3.35,2.36,2.01,3.75,3.16
refurl,https://survey2.gwdg.de/index.php?r=survey/index&sid=70000,,https://survey2.gwdg.de/index.php?r=survey/index&sid=70000,https://survey2.gwdg.de/index.php?r=survey/index&sid=70000,https://survey2.gwdg.de/index.php?r=survey/index&sid=70000,https://survey2.gwdg.de/index.php?r=survey/index&sid=70000,https://survey2.gwdg.de/index.php?r=survey/index&sid=70000,,,,https://survey2.gwdg.de/index.php?r=survey/index&sid=70000,https://survey2.gwdg.de/index.php?r=survey/index&sid=70000,https://survey2.gwdg.de/index.php?r=survey/index&sid=70000,https://survey2.gwdg.de/index.php?r=survey/index&sid=70000,,https://survey2.gwdg.de/index.php?r=survey/index&sid=70000,https://survey2.gwdg.de/index.php?r=survey/index&sid=70000,https://survey2.gwdg.de/index.php?r=survey/index&sid=70000
ruleTime,720.68,377.07,63.75,183.16,110.92,141.11,85.37,192.99,179.63,74.81,39.15,163.83,75.98,43.24,130.28,84.74,92.11,174.67
startdate,10/11/2017 22:19,10/17/2017 16:54,10/13/2017 12:50,10/13/2017 16:13,10/14/2017 18:25,10/15/2017 11:56,10/15/2017 14:53,10/17/2017 18:22,10/16/2017 16:27,10/17/2017 19:50,10/16/2017 15:42,10/16/2017 20:33,10/17/2017 9:39,10/17/2017 21:20,10/30/2017 12:18,10/25/2017 19:56,10/28/2017 19:36,10/29/2017 20:42
startlanguage,de,de,de,de,de,de,de,de,de,de,de,de,de,de,de,de,de,de
submitdate,10/11/2017 23:08,10/17/2017 17:27,10/13/2017 13:18,10/13/2017 16:49,10/14/2017 19:04,10/15/2017 12:27,10/15/2017 15:28,10/17/2017 18:59,10/16/2017 16:59,10/17/2017 20:12,10/16/2017 16:16,10/16/2017 21:03,10/17/2017 10:18,10/17/2017 21:47,10/30/2017 12:49,10/25/2017 20:35,10/28/2017 20:06,10/29/2017 21:23
test1,Verb,Verb,Verb,Verb,Verb,Verb,Verb,Verb,Verb,Verb,Verb,Nomen,Verb,Verb,Verb,Verb,Verb,Verb
test1Time,10.79,16.31,6.4,9.33,5.02,12.57,8.16,9.26,8.91,6.45,12.75,8.5,7.7,7.23,12.48,13.47,4.1,11.75
test2,Nomen,Nomen,Nomen,Nomen,Nomen,Nomen,Nomen,Nomen,Nomen,Nomen,Nomen,Nomen,Nomen,Nomen,Nomen,Nomen,Nomen,Verb
test2Time,7.12,9.35,5.46,9.18,5.36,5.9,5.77,4.3,4.98,3.54,5.44,8.92,15.2,5.67,8.77,6.26,5.08,4.67
test3,Verb,Verb,Verb,Verb,Verb,Verb,Verb,Verb,Verb,Verb,Nomen,Verb,Verb,Verb,Verb,Verb,Verb,Verb
test3Time,9.86,5.86,3.43,7.25,9.38,14.24,8.86,7.96,4.74,4.53,5.22,4.73,6.69,5.3,7.7,7.28,8.23,7.97
test4,Nomen,Nomen,Nomen,Nomen,Nomen,Nomen,Nomen,Nomen,Nomen,Nomen,Nomen,Nomen,Nomen,Nomen,Nomen,Nomen,Nomen,Nomen
test4Time,7.47,4.9,6.4,8.5,4.88,8.81,7.26,6.82,7.11,7.68,5,7.44,7.64,6.16,16.14,7.87,8.69,47.76
VA11,Verb,Nomen,Verb,Verb,Verb,Verb,Verb,Nomen,Verb,Verb,Verb,Verb,Verb,Verb,Verb,Verb,Verb,Nomen
VA110,Verb,Verb,Verb,Verb,Verb,Verb,Verb,Verb,Nomen,Verb,Nomen,Verb,Verb,Verb,Verb,Verb,Verb,Nomen
VA110Time,6.05,6.18,4.94,6.34,7.5,5.79,6.6,5.42,6.36,4.1,4.65,7.57,7.46,5.14,9.35,10.71,5.73,8.06
VA111,Verb,Verb,Verb,Verb,Verb,Verb,Verb,Verb,Verb,Verb,Nomen,Verb,Nomen,Verb,Verb,Verb,Verb,Nomen
VA111Time,8.8,7.49,6.59,6.3,9.65,6.26,14.11,7.66,9.05,7.09,4.35,6.25,9.71,6.98,5.27,9.62,10.57,7.91
VA112,Verb,Verb,Nomen,Verb,Verb,Verb,Verb,Verb,Verb,Verb,Verb,Verb,Verb,Nomen,Verb,Verb,Verb,Verb
VA112Time,7.19,6.39,8.6,4.54,7.75,4.5,5.5,8.19,7.64,6.72,5.13,8.11,5.54,4.81,6.64,4.29,3.76,6
VA113,Verb,Verb,Verb,Verb,Verb,Verb,Verb,Verb,Verb,Verb,Nomen,Verb,Verb,Nomen,Verb,Verb,Verb,Verb
VA113Time,7.88,5.43,5.86,5.96,7.75,7.77,4.64,6.95,4.34,4.22,2.97,5.75,8.56,4.95,15.47,9.74,4.23,12.55
VA114,Verb,Verb,Verb,Verb,Verb,Verb,Verb,Verb,Verb,Verb,Nomen,Verb,Verb,Verb,Verb,Verb,Verb,Verb
VA114Time,6.65,4.68,4.89,5.1,7.63,5.2,5.3,12.53,4.24,3.93,4.84,3.8,9.41,3.9,6.64,8.73,6.05,13.4
VA115,Nomen,Nomen,Nomen,Verb,Nomen,Nomen,Verb,Verb,Verb,Verb,Verb,Verb,Verb,Nomen,Verb,Verb,Verb,Nomen
VA115Time,8.73,7.28,6.4,5.19,9.41,8.49,10.88,7.81,9.73,4.45,4.43,10.09,13.6,5.69,6.35,13.68,4.9,7.44
VA116,Nomen,Nomen,Verb,Verb,Nomen,Nomen,Verb,Verb,Nomen,Nomen,Nomen,Verb,Verb,Nomen,Nomen,Verb,Verb,Nomen
VA116Time,7.41,7.31,7.62,8.53,8.66,7.24,7.05,7.8,9.68,6.37,1.9,8.94,9.48,6.27,5.24,5.46,6.44,12.14
VA117,Verb,Verb,Verb,Nomen,Verb,Verb,Verb,Nomen,Verb,Verb,Nomen,Nomen,Verb,Nomen,Verb,Verb,Verb,Nomen
VA117Time,7.62,8.13,9.56,6.67,6.29,7.68,7.17,16.11,6.99,5.38,15.05,7.36,8.02,6.42,5.07,6.23,6.32,7.37
VA118,Verb,Nomen,Verb,Verb,Verb,Verb,Verb,Verb,Verb,Verb,Nomen,Verb,Verb,Nomen,Verb,Verb,Verb,Nomen
VA118Time,7.99,16.41,7.56,6.31,6.7,6.59,5.17,4.94,6.52,7.15,2.68,5.23,10.24,7.07,6.44,9.26,9.33,6.17
VA119,Verb,Verb,Verb,Verb,Verb,Verb,Verb,Verb,Verb,Verb,Nomen,Verb,Verb,Verb,Verb,Verb,Verb,Verb
VA119Time,7.75,6.01,5.22,7.99,5.05,4.57,5.37,6.24,4.13,3.77,4.23,8.34,11.05,5.24,5.29,6.98,7.72,4.47
VA11Time,7.3,6.14,5.24,6.31,9.3,5.41,7.02,7.38,5.6,5.8,20.07,4.86,6.22,6.09,3.87,7.87,5.51,9.08
VA12,Verb,Verb,Verb,Verb,Nomen,Verb,Verb,Verb,Verb,Verb,Nomen,Verb,Verb,Verb,Verb,Verb,Verb,Verb
VA120,Verb,Verb,Verb,Verb,Verb,Verb,Verb,Verb,Verb,Verb,Verb,Verb,Verb,Verb,Verb,Nomen,Verb,Verb
VA120Time,6.76,10.09,6.29,7.55,9.75,5.33,8.33,6.4,5.06,6.65,5.01,6.73,7.12,6.4,10.26,5.47,4.95,6.24
VA121,Verb,Verb,Verb,Nomen,Nomen,Nomen,Verb,Verb,Verb,Verb,Nomen,Verb,Verb,Verb,Nomen,Verb,Verb,Verb
VA121Time,5.2,5.46,5.44,6.05,8.46,3.7,6.36,7.07,7.68,5.06,3.75,5.62,5.18,7.65,9.82,6.12,3.75,7.62
VA122,Nomen,Nomen,Nomen,Nomen,Verb,Verb,Verb,Verb,Verb,Verb,Nomen,Verb,Nomen,Verb,Nomen,Verb,Verb,Nomen
VA122Time,8.17,1.51,5.71,7.01,8.19,5.34,7.22,5.5,6.18,5.18,2.75,9.43,6.42,5.01,6.9,11.25,6.72,9.02
VA123,Nomen,Nomen,Verb,Verb,Verb,Nomen,Verb,Verb,Verb,Verb,Nomen,Verb,Verb,Nomen,Verb,Verb,Verb,Verb
VA123Time,11.37,5.97,3.95,6.56,7.56,6.68,12.82,7.28,4.38,4.77,9.15,9.28,9.1,7.78,8.83,7.89,4.89,17.34
VA124,Verb,Verb,Verb,Nomen,Verb,Nomen,Nomen,Verb,Verb,Verb,Nomen,Nomen,Nomen,Verb,Nomen,Nomen,Verb,Nomen
VA124Time,10.66,7.7,6.07,7.79,8.96,6.81,5.91,6.42,7.55,6.84,3.48,8.58,7.44,6.11,5.41,6.74,6.36,10.27
VA125,Verb,Verb,Verb,Verb,Verb,Verb,Verb,Verb,Verb,Verb,Verb,Verb,Verb,Verb,Verb,Verb,Verb,Verb
VA125Time,7.74,4.86,4.74,4.44,7.14,4.83,6.17,16.32,4.13,3.86,5.14,4.3,6.19,4.1,5.34,8.88,5.72,5.6
VA126,Verb,Verb,Verb,Verb,Verb,Nomen,Nomen,Nomen,Verb,Verb,Nomen,Verb,Nomen,Verb,Verb,Verb,Nomen,Verb
VA126Time,6.75,9.52,5.5,4.8,7.89,7.49,9.42,8.65,6.44,8.55,3.8,8.49,11.68,6.06,8.41,7.23,6.74,10.06
VA127,Nomen,Nomen,Verb,Verb,Verb,Nomen,Verb,Nomen,Nomen,Verb,Verb,Nomen,Nomen,Nomen,Nomen,Verb,Verb,Nomen
VA127Time,7.48,9.41,8.95,6.18,7.81,5.63,5.04,7.15,7.61,8.35,6.31,4.79,11.79,10.57,4.82,6.51,10.47,15.23
VA128,Verb,Verb,Verb,Verb,Nomen,Verb,Verb,Verb,Verb,Verb,Nomen,Verb,Verb,Verb,Verb,Verb,Verb,Nomen
VA128Time,7.42,6.8,3.92,4.52,8.15,5.8,5.82,6.86,6.11,5.8,4.29,5.7,7.66,5.28,7.14,6.42,5.6,13.22
VA129,Verb,Verb,Nomen,Verb,Verb,Verb,Verb,Verb,Verb,Verb,Nomen,Verb,Verb,Verb,Nomen,Verb,Verb,Nomen
VA129Time,6.68,13.88,7.16,8.58,7.95,6.08,6.61,6.76,7.37,6.5,5.3,5.93,6.68,7.1,5.81,4.06,4.64,15.93
VA12Time,5.4,5.74,5.07,7.07,5.86,21.71,10.82,20.41,5.04,5.21,5.75,5.4,7.3,7.1,6.47,7.61,5.29,7.48
VA13,Nomen,Nomen,Verb,Verb,Verb,Verb,Verb,Verb,Verb,Verb,Nomen,Verb,Verb,Nomen,Verb,Verb,Verb,Nomen
VA130,Verb,Nomen,Verb,Verb,Nomen,Verb,Nomen,Verb,Verb,Verb,Nomen,Verb,Verb,Verb,Nomen,Nomen,Verb,Nomen
VA130Time,9.2,15.6,6.27,5.61,8.82,5.17,9.18,14.44,6.52,5.23,2.03,9.24,8.24,7.94,9.23,7.82,7.79,6.82
VA131,Verb,Nomen,Verb,Verb,Verb,Verb,Verb,Verb,Verb,Verb,Nomen,Nomen,Verb,Nomen,Verb,Verb,Verb,Nomen
VA131Time,9.33,8.53,4.96,6.74,7.11,17.59,7.81,8.22,4.62,4.97,3.63,6.1,5.58,5.17,9.59,7.22,5.23,9.08
VA132,Verb,Verb,Verb,Verb,Verb,Verb,Verb,Nomen,Verb,Verb,Nomen,Verb,Verb,Verb,Verb,Verb,Verb,Nomen
VA132Time,7.67,8.44,5.83,5.44,6.16,7.71,6.76,16.2,5.48,6.67,4.42,6.73,5.72,5.44,3.44,6.37,5.51,10.39
VA133,Verb,Verb,Verb,Verb,Verb,Verb,Verb,Verb,Verb,Verb,Nomen,Nomen,Verb,Verb,Verb,Nomen,Verb,Verb
VA133Time,8.82,8.27,4.49,5.64,8.71,6.8,9.74,5.8,5.98,4.09,3.38,8.91,8.14,5.7,7.51,5.41,7.53,5.29
VA134,Verb,Verb,Verb,Verb,Verb,Verb,Verb,Verb,Verb,Verb,Verb,Verb,Verb,Verb,Verb,Nomen,Verb,Verb
VA134Time,6.68,6.43,5.2,6.69,10.2,7.34,8.47,13.49,5.52,5.11,5.95,9.56,6.29,7.51,5.36,5.64,6.38,13.73
VA135,Verb,Verb,Verb,Verb,Verb,Verb,Verb,Verb,Verb,Verb,Nomen,Verb,Verb,Verb,Verb,Verb,Verb,Verb
VA135Time,7.04,3.48,4.53,4.72,9.03,5.75,4.83,6.96,5.83,5.08,2.41,4.55,5.43,4.88,4,7.53,4.67,5.17
VA136,Verb,Verb,Verb,Nomen,Verb,Verb,Verb,Nomen,Verb,Nomen,Verb,Verb,Verb,Verb,Nomen,Nomen,Nomen,Nomen
VA136Time,8.82,6.89,5.94,6.71,7.77,5.07,7.15,14.21,5.37,6.97,7.79,12.76,14.24,6.81,7.19,18.85,5.42,12.03
VA137,Verb,Nomen,Verb,Verb,Verb,Verb,Verb,Verb,Verb,Verb,Nomen,Verb,Nomen,Verb,Nomen,Verb,Verb,Verb
VA137Time,5.76,10.4,5.58,4.97,8.67,5.7,8.15,9.41,6.72,6.45,6.14,9.83,8.47,5.45,6.17,6.52,3.64,8.47
VA138,Verb,Verb,Verb,Verb,Verb,Verb,Verb,Verb,Verb,Verb,Verb,Verb,Verb,Verb,Verb,Verb,Verb,Verb
VA138Time,7.83,4.42,4.96,6.92,6.57,7.57,8.02,6.54,5.19,5.66,5.06,5.52,10.35,5.01,8.54,4.4,5.76,10.06
VA139,Verb,Verb,Verb,Verb,Verb,Verb,Verb,Verb,Verb,Verb,Verb,Verb,Verb,Verb,Nomen,Nomen,Verb,Nomen
VA139Time,7.84,15.69,10.65,6.39,6.85,8.54,9.77,16.13,5.91,6.68,7.78,8.66,9.61,6.55,6.35,28.34,6.65,10.28
VA13Time,10.97,8.55,8.22,11.1,10.32,6.71,9.18,8.41,9.48,9.76,3.83,9.44,7.59,14.71,6.75,8.6,8.31,13.2
VA14,Verb,Verb,Verb,Nomen,Verb,Verb,Verb,Verb,Nomen,Verb,Nomen,Nomen,Verb,Verb,Nomen,Nomen,Verb,Nomen
VA140,Verb,Verb,Verb,Verb,Verb,Verb,Verb,Verb,Verb,Verb,Verb,Verb,Verb,Verb,Verb,Verb,Verb,Verb
VA140Time,5.4,3.33,4.17,5.36,4.21,4.22,5.66,4.02,5.38,7.22,2.8,3.58,6.21,5.98,4.16,6.56,4.02,7.1
VA141,Nomen,Verb,Nomen,Verb,Verb,Nomen,Verb,Verb,Verb,Nomen,Nomen,Verb,Nomen,Nomen,Verb,Verb,Verb,Nomen
VA141Time,8.01,8.04,14.19,9.76,7.28,9.21,7.02,10.36,5.48,9.02,4.97,7.08,9.82,7.77,5.31,7.68,4.97,10.69
VA142,Nomen,Verb,Verb,Nomen,Verb,Verb,Verb,Verb,Verb,Verb,Nomen,Verb,Verb,Verb,Verb,Verb,Verb,Verb
VA142Time,6.1,6.39,5.38,9.64,7.31,5.16,6.65,6.64,3.72,3.09,7.67,3.81,5.91,3.57,3.75,10.29,4.58,8.74
VA143,Verb,Verb,Verb,Verb,Verb,Verb,Nomen,Verb,Verb,Nomen,Nomen,Nomen,Verb,Verb,Nomen,Verb,Verb,Verb
VA143Time,10.55,6.77,13.92,6.3,8.62,5.94,14.3,9.12,7.16,6.43,3.25,9.31,9.97,6.98,5.1,14.13,5.48,5.75
VA144,Verb,Verb,Verb,Verb,Verb,Verb,Verb,Verb,Verb,Verb,Nomen,Verb,Verb,Verb,Verb,Verb,Verb,Verb
VA144Time,5.9,6.06,4.13,6.74,8.84,4.91,6.47,10.48,4.46,3.13,2.51,5.05,5.7,6.07,7.71,8.18,5.85,14.16
VA145,Verb,Verb,Verb,Verb,Verb,Nomen,Verb,Nomen,Verb,Verb,Verb,Verb,Verb,Verb,Verb,Verb,Verb,Verb
VA145Time,14.08,3.16,6.38,5.5,8.71,6.03,16.39,9.64,6.81,6.22,5.75,7.48,6.99,6.11,4.29,4.8,9.55,7.54
VA146,Verb,Verb,Verb,Verb,Nomen,Verb,Verb,Verb,Verb,Verb,Nomen,Verb,Verb,Verb,Verb,Verb,Verb,Verb
VA146Time,8.39,7.6,8.16,7.49,5.94,5.25,5.74,5.49,3.92,2.75,3.18,4.59,5.02,5.46,5.61,5.65,4.35,5.33
VA147,Nomen,Verb,Verb,Verb,Verb,Verb,Verb,Verb,Verb,Verb,Verb,Verb,Verb,Verb,Verb,Verb,Verb,Verb
VA147Time,8.27,7.25,4.61,5.97,5.76,5.48,8.3,5.88,10.61,6.33,5.78,6.28,7.32,5.82,10.22,8.03,12.81,14.35
VA148,Nomen,Verb,Verb,Verb,Verb,Verb,Verb,Verb,Nomen,Verb,Nomen,Nomen,Verb,Verb,Nomen,Nomen,Nomen,Verb
VA148Time,16.45,8.3,8.76,9.89,8.07,10,13.49,5.88,5.58,6.78,2.15,8.39,8.27,9.84,4.69,10.44,8.43,7.47
VA149,Verb,Verb,Verb,Verb,Verb,Verb,Verb,Verb,Verb,Verb,Nomen,Nomen,Verb,Verb,Verb,Verb,Verb,Nomen
VA149Time,8.46,8.17,9.42,5.69,7.02,9.1,5.34,13.16,5.6,4.6,3.01,5.95,10.01,4.28,5.42,4.63,4.53,7.28
VA14Time,9.65,12.6,14.24,9.64,8.18,5.85,14.46,5.01,5.34,8.35,6.15,14.9,11.58,6.02,6.73,9.11,6.18,9.28
VA15,Verb,Verb,Verb,Verb,Verb,Verb,Verb,Verb,Verb,Verb,Nomen,Verb,Verb,Verb,Verb,Verb,Verb,Verb
VA150,Verb,Verb,Verb,Verb,Verb,Nomen,Verb,Verb,Verb,Nomen,Nomen,Verb,Verb,Verb,Verb,Verb,Verb,Verb
VA150Time,9.42,7.08,8.21,5.81,7.41,5.39,6.06,6.92,5.51,4.48,2.83,9.19,10.85,5.93,3.86,11.7,6.26,7.03
VA15Time,6.4,5.86,4.78,4.92,8.19,4.38,7.46,8.52,3.91,3.5,3.92,5.54,7.2,4.49,6.18,5.9,3.94,6.86
VA16,Nomen,Verb,Verb,Verb,Verb,Verb,Nomen,Verb,Verb,Nomen,Nomen,Verb,Verb,Verb,Nomen,Nomen,Verb,Nomen
VA16Time,9.59,6.92,9.94,6.77,5.03,6.1,10.46,6.2,10.05,7.24,3.12,7.93,5.99,6.25,6.77,5.51,6.74,8.39
VA17,Verb,Verb,Verb,Verb,Nomen,Verb,Verb,Verb,Verb,Verb,Nomen,Verb,Verb,Verb,Verb,Nomen,Verb,Verb
VA17Time,7.52,5.77,6.45,8.97,10.11,5.43,6.24,8.9,7.17,6.03,5.58,8.58,8.8,7.42,4.84,6.63,5.91,8.53
VA18,Verb,Nomen,Nomen,Verb,Nomen,Nomen,Nomen,Verb,Verb,Verb,Nomen,Verb,Verb,Verb,Verb,Nomen,Nomen,Nomen
VA18Time,10.67,10.75,9.71,7.2,7.52,6.13,7.46,6.57,7.34,5.58,1.6,6.77,6.59,6.1,7.64,8.47,6.64,10.16
VA19,Verb,Nomen,Verb,Verb,Verb,Verb,Verb,Verb,Verb,Verb,Verb,Verb,Verb,Verb,Nomen,Verb,Verb,Nomen
VA19Time,16.05,5.54,6.78,4.77,8.04,6.23,8.89,8.75,10.62,6.33,5.63,8,8.73,6.67,7.62,10.04,4.82,5.9
VA21,Verb,Verb,Verb,Verb,Nomen,Verb,Verb,Verb,Verb,Verb,Verb,Verb,Verb,Verb,Verb,Verb,Verb,Verb
VA210,Verb,Verb,Verb,Verb,Verb,Verb,Verb,Verb,Verb,Verb,Verb,Verb,Verb,Verb,Verb,Verb,Verb,Verb
VA210Time,6.86,7.07,5.09,5.33,3.3,4.8,7.4,8.48,6.31,5.48,4.13,10.52,5.91,5.69,4.38,4.64,5.67,7.22
VA211,Verb,Verb,Verb,Verb,Verb,Verb,Verb,Verb,Verb,Verb,Verb,Verb,Verb,Verb,Nomen,Verb,Verb,Verb
VA211Time,10.61,19.09,5.48,11.16,8.51,6.45,4.9,7.77,4.37,7.29,8.83,8.79,5.99,6.31,8.12,16.42,5.66,7.23
VA212,Verb,Verb,Verb,Nomen,Verb,Verb,Verb,Verb,Verb,Nomen,Verb,Verb,Nomen,Nomen,Verb,Verb,Verb,Verb
VA212Time,14.69,8.77,7.79,14.29,12.43,3.48,18.13,12.76,6.21,6.79,9.29,7.09,21.06,14.68,8.05,10.36,4.89,14.72
VA213,Verb,Verb,Verb,Verb,Verb,Verb,Verb,Verb,Verb,Verb,Verb,Verb,Verb,Verb,Verb,Verb,Verb,Verb
VA213Time,10.53,7.51,8.85,8.69,8.64,6.17,20.24,7.38,6.32,7.34,6.01,6.95,10.77,14.17,6.84,6.09,5.61,9.05
VA214,Verb,Nomen,Verb,Verb,Verb,Nomen,Verb,Verb,Nomen,Verb,Verb,Verb,Verb,Verb,Verb,Verb,Verb,Nomen
VA214Time,8.29,7.75,4.51,8.98,9.18,5.6,8.63,14.66,8.49,4.99,6.22,10.39,10.49,5.45,6.69,5.4,5.45,4.9
VA215,Verb,Verb,Verb,Nomen,Verb,Verb,Verb,Verb,Verb,Verb,Nomen,Verb,Verb,Verb,Verb,Nomen,Verb,Verb
VA215Time,7.53,6.26,6.33,6.77,6.75,7.47,7.43,18.67,8.45,9.94,4.72,4.08,5.86,4.3,7.7,8.06,4.79,9.11
VA216,Verb,Verb,Verb,Verb,Verb,Verb,Verb,Verb,Verb,Verb,Verb,Verb,Nomen,Nomen,Verb,Verb,Verb,Nomen
VA216Time,8.34,8.9,5.04,6.62,4.17,10.69,5.86,14.5,10.34,4.45,9.01,6.78,5.59,8.68,6.06,6.37,3.97,6.05
VA217,Verb,Verb,Verb,Verb,Verb,Verb,Verb,Nomen,Verb,Verb,Verb,Verb,Verb,Verb,Verb,Verb,Verb,Verb
VA217Time,5.56,9.21,5.09,5.36,9.68,6.49,7.96,5.28,7.77,4.45,6.46,8.37,7.52,6.39,7.04,5.76,6.28,7.15
VA218,Verb,Verb,Verb,Verb,Verb,Verb,Verb,Verb,Verb,Verb,Verb,Verb,Verb,Verb,Verb,Verb,Verb,Verb
VA218Time,9.04,9.8,6.38,9.44,8.76,6,9.13,9.04,7.01,6.21,12.48,7.92,5.84,5.08,5.49,7.05,7.38,8.82
VA219,Nomen,Verb,Verb,Verb,Verb,Verb,Verb,Nomen,Verb,Nomen,Verb,Verb,Nomen,Verb,Nomen,Verb,Verb,Nomen
VA219Time,17.54,7.88,5.3,8.86,7.44,5.8,8.65,14.45,5.82,12.11,6.43,8.14,14.98,6.1,7.59,8.73,5.75,8.67
VA21Time,8.44,5.45,4.68,7.23,8.68,4.25,5.25,7.52,4.83,5.17,3.6,5.65,9.43,5.96,4.55,13.31,6.77,4.82
VA22,Verb,Verb,Verb,Verb,Verb,Verb,Verb,Verb,Verb,Verb,Verb,Verb,Verb,Verb,Verb,Verb,Verb,Verb
VA220,Verb,Verb,Nomen,Verb,Verb,Verb,Verb,Verb,Verb,Verb,Verb,Verb,Verb,Verb,Verb,Verb,Verb,Verb
VA220Time,6.4,5.04,37.45,7.13,7.66,6.11,9.59,6.63,4.88,4.65,4.93,10.97,7.22,6.5,7.25,20.17,8.65,9.83
VA221,Verb,Verb,Verb,Verb,Verb,Verb,Verb,Verb,Verb,Verb,Verb,Verb,Verb,Verb,Nomen,Verb,Verb,Verb
VA221Time,7.84,7.97,5.12,8,8.08,7.76,7.84,10.69,7.48,4.81,8.46,8.04,9.08,6.98,5.04,6.62,6.96,14.04
VA222,Verb,Verb,Verb,Verb,Verb,Verb,Verb,Verb,Verb,Verb,Verb,Verb,Verb,Verb,Verb,Verb,Verb,Verb
VA222Time,4.89,16.81,6.36,7.22,6,5.86,6.38,9.01,4.54,4.66,6.28,5.96,5.42,5.98,5.03,7.07,13.34,9.48
VA223,Verb,Verb,Verb,Nomen,Verb,Verb,Verb,Nomen,Verb,Nomen,Verb,Verb,Nomen,Verb,Verb,Verb,Verb,Verb
VA223Time,5.73,6.37,7.93,7.47,9.19,4.89,7.31,7.32,6.05,7.79,4.72,7.61,7.92,8.7,8.7,6.61,5.57,6.34
VA224,Verb,Verb,Verb,Verb,Verb,Verb,Verb,Verb,Verb,Verb,Nomen,Verb,Verb,Verb,Verb,Verb,Verb,Verb
VA224Time,9.08,5.46,6.02,7.01,4.69,4.5,7.26,8.4,4.1,4.7,2.76,6.7,6.95,4.97,3.93,5.13,6.94,9.37
VA225,Verb,Verb,Verb,Verb,Verb,Nomen,Verb,Nomen,Verb,Verb,Verb,Verb,Verb,Verb,Nomen,Nomen,Verb,Verb
VA225Time,9.6,9.08,6.3,5.57,10.18,5.72,9.05,12.91,7.06,7.64,5.28,9.17,13.46,5.32,5.67,14.28,9.75,9.66
VA226,Verb,Verb,Verb,Verb,Verb,Verb,Verb,Verb,Verb,Verb,Nomen,Verb,Nomen,Verb,Verb,Verb,Verb,Nomen
VA226Time,6.02,6.93,4.92,6.3,4.88,6.4,5.51,5.52,5.74,5.42,4.26,5.54,8.93,8.29,5.29,6.1,5.34,14.45
VA227,Verb,Verb,Verb,Verb,Verb,Verb,Verb,Verb,Verb,Verb,Nomen,Verb,Verb,Verb,Verb,Verb,Verb,Nomen
VA227Time,7.21,7.29,5.67,6.53,8.22,5.56,8.92,6.29,7.02,6.38,4.25,6.18,6.52,6.38,8.3,13.15,5.23,8
VA228,Verb,Verb,Verb,Nomen,Verb,Verb,Verb,Verb,Verb,Verb,Verb,Verb,Verb,Verb,Verb,Verb,Verb,Verb
VA228Time,6.56,6.13,7.33,7.09,8.39,7.59,8.9,6.49,5.62,5.17,5.5,7.19,7.38,5.17,7.48,14.28,5.16,11.05
VA229,Nomen,Verb,Verb,Verb,Verb,Verb,Verb,Verb,Verb,Verb,Verb,Verb,Verb,Verb,Verb,Verb,Verb,Verb
VA229Time,1.08,6.89,5.63,6.64,4.48,6.67,7.93,5.34,5.75,4.13,4.38,13.44,6.61,4.76,8.65,15.35,5.43,6.96
VA22Time,5.95,4.22,5.13,6.84,7.23,8.19,5.71,9.63,6.53,4.15,5.59,4.92,5.72,5.09,10.91,17.58,5.56,6.74
VA23,Verb,Verb,Verb,Verb,Verb,Verb,Verb,Verb,Verb,Verb,Verb,Nomen,Verb,Verb,Verb,Verb,Verb,Verb
VA230,Nomen,Nomen,Verb,Verb,Verb,Verb,Nomen,Verb,Nomen,Verb,Verb,Nomen,Nomen,Verb,Verb,Verb,Verb,Verb
VA230Time,15.04,6.43,6.97,6.12,9.03,4.75,5.41,4.71,5.95,3.96,4.13,12.11,5.65,8.66,7.72,6.94,14.08,7.9
VA23Time,5.61,4.18,4.76,4.21,4.09,5.27,5.56,6.46,5.78,4.87,4.35,6.19,5.13,8.14,9.14,4.72,5.12,5
VA24,Verb,Verb,Verb,Verb,Verb,Verb,Verb,Verb,Verb,Verb,Verb,Verb,Nomen,Verb,Verb,Verb,Verb,Verb
VA24Time,7.37,6.56,5.38,6.96,6.47,5.04,6.06,5.32,4.38,3.78,5.91,5.94,18.71,7.09,5,5.36,3.72,7.13
VA25,Verb,Verb,Verb,Verb,Verb,Verb,Verb,Verb,Verb,Verb,Verb,Verb,Verb,Verb,Verb,Verb,Verb,Nomen
VA25Time,8.6,4.73,6.04,4.77,7.67,3.55,15.14,6.94,5.03,5.58,5.21,5.5,6.32,4.54,4.7,5.45,5.55,6.5
VA26,Verb,Verb,Verb,Verb,Verb,Verb,Verb,Verb,Verb,Verb,Verb,Verb,Verb,Verb,Verb,Verb,Verb,Verb
VA26Time,6.23,5.4,3.68,7.66,5.82,5.15,6.39,9.55,3.88,4.74,4.3,6.25,6.01,4.67,8.13,6.14,6.64,5.71
VA27,Verb,Verb,Verb,Verb,Verb,Verb,Verb,Verb,Verb,Verb,Verb,Verb,Nomen,Verb,Nomen,Verb,Verb,Verb
VA27Time,7.62,4.26,8.39,4.94,6.2,5.45,8.24,5.16,5.51,4.5,7.55,7.83,10.94,6.84,7.35,7.64,5.05,6.9
VA28,Verb,Verb,Verb,Verb,Verb,Verb,Verb,Nomen,Verb,Verb,Verb,Verb,Verb,Verb,Verb,Verb,Verb,Verb
VA28Time,7.36,5.35,6.74,8.25,7.1,5.53,5.44,5.56,4.86,5.3,5.49,7.14,6.9,6.93,5.65,6.43,6.49,8.34
VA29,Verb,Verb,Verb,Verb,Verb,Verb,Verb,Verb,Verb,Verb,Nomen,Verb,Verb,Verb,Verb,Verb,Verb,Verb
VA29Time,8.76,7.31,5.24,8.92,9.91,12.78,7.55,6.79,6.92,4.98,7.5,9,7.17,9.58,4.75,5.24,4.86,9.17
